case,n,group,target,box_dimension,hull_porosity,box_quality,box_grid_sd,rg_over_d,log_rg,contacts,asphericity,lambda2_over_lambda1,lambda3_over_lambda1,leaf_fraction,branch_fraction,degree_std,mean_graph_distance,neighbors_1p5d,neighbors_2d,local_density_cv,core_shell_density_difference
fractal_dp1.5_N0050_Df1.8_kf1.3_rep01,50,fractal_dp1.5_N0050_Df1.8_kf1.3_rep01,0.68646484375,1.7724646262983164,0.8699476919442322,ok,0.043412268006303587,3.7780706580343906,1.3292134714016202,49,0.4604240500225889,0.18106297165553867,0.09445507448626446,0.36,0.22,0.9583318840568751,9.486530612244898,3.4,6.68,0.3885761576744341,3.2481203007518795
fractal_dp1.5_N0050_Df1.8_kf1.3_rep02,50,fractal_dp1.5_N0050_Df1.8_kf1.3_rep02,0.699736328125,1.7699510811514425,0.8606892467029562,window_sensitivity_above_0.20,0.08568518260326906,3.7780760235613666,1.3292148915770619,49,0.5189668738014919,0.19333382704604996,0.04355551619344002,0.36,0.28,0.8708616422830896,9.004081632653062,3.12,6.32,0.3171511345915835,1.8888888888888893
fractal_dp1.5_N0050_Df1.8_kf1.3_rep03,50,fractal_dp1.5_N0050_Df1.8_kf1.3_rep03,0.71390625,1.7377591842992153,0.8858102263820146,window_sensitivity_above_0.20,0.09800778679284773,3.7780741726001787,1.3292144016553056,49,0.3672128665468134,0.29986403272784046,0.07688336741744164,0.3,0.26,0.7472616676907762,8.72,3.2,6.0,0.3464101615137755,2.428571428571429
fractal_dp1.5_N0050_Df1.8_kf1.3_rep04,50,fractal_dp1.5_N0050_Df1.8_kf1.3_rep04,0.7164453125,1.7589502684622824,0.8901220867111088,scale_span_below_half_decade,0.04096777014567109,3.7780680643158515,1.3292127848820539,49,0.34070784759016115,0.29564817399173554,0.10418442985787979,0.32,0.24,0.82365041127896,9.329795918367347,3.0,5.84,0.37415069270541546,3.5155279503105596
fractal_dp1.5_N0050_Df1.8_kf1.3_rep05,50,fractal_dp1.5_N0050_Df1.8_kf1.3_rep05,0.684453125,1.856393950310369,0.8605907126318885,scale_span_below_half_decade,0.06955997611169812,3.7780659094661266,1.32921221452432,49,0.5276554008951575,0.1532023730188657,0.0721509477032581,0.32,0.22,0.8475848040166836,10.337959183673469,3.6,7.08,0.39227921665175025,3.8571428571428568
fractal_dp1.5_N0050_Df2.2_kf1.1_rep01,50,fractal_dp1.5_N0050_Df2.2_kf1.1_rep01,0.64224609375,2.031363944536915,0.8100093903005715,scale_span_below_half_decade;grid_SD_above_0.10;window_sensitivity_above_0.20,0.12240772233972416,2.807492079310994,1.0322915863659272,49,0.16532468603806694,0.3910386063565877,0.2721833009938901,0.32,0.22,0.8475848040166836,7.893061224489796,3.4,7.12,0.3669360852316389,2.833333333333333
fractal_dp1.5_N0050_Df2.2_kf1.1_rep02,50,fractal_dp1.5_N0050_Df2.2_kf1.1_rep02,0.63544921875,2.0060211452543477,0.8002030808271686,scale_span_below_half_decade;grid_SD_above_0.10;window_sensitivity_above_0.20,0.11146865677881429,2.8075077672770616,1.0322971742435751,49,0.18142249072878536,0.47947652949152575,0.18986433019858967,0.32,0.24,0.8475848040166836,8.305306122448979,3.84,7.72,0.33582964607458654,4.333333333333333
fractal_dp1.5_N0050_Df2.2_kf1.1_rep03,50,fractal_dp1.5_N0050_Df2.2_kf1.1_rep03,0.646708984375,1.92704123085786,0.8248363671704614,scale_span_below_half_decade;grid_SD_above_0.10;window_sensitivity_above_0.20,0.12369755783547946,2.8074952429336824,1.0322927132153774,49,0.16371147436042266,0.4315789310942238,0.24754652867294796,0.38,0.26,0.9583318840568751,8.361632653061225,3.6,7.4,0.3774118930748363,5.75
fractal_dp1.5_N0050_Df2.2_kf1.1_rep04,50,fractal_dp1.5_N0050_Df2.2_kf1.1_rep04,0.638037109375,2.003310615561917,0.803978605025543,scale_span_below_half_decade,0.04908066448392542,2.807501840451054,1.032295063178262,49,0.20403522191192547,0.35760874243744295,0.22783747604747548,0.4,0.3,0.9583318840568752,7.921632653061224,3.72,7.76,0.2956175455451478,4.348484848484848
fractal_dp1.5_N0050_Df2.2_kf1.1_rep05,50,fractal_dp1.5_N0050_Df2.2_kf1.1_rep05,0.625810546875,1.960996700032019,0.7907204585050501,scale_span_below_half_decade,0.08338029849024606,2.807504468552691,1.0322959992775262,49,0.33663624422830907,0.24858727546039447,0.14468995992911396,0.36,0.28,0.8708616422830895,8.142857142857142,3.84,8.8,0.3498819163259239,5.047619047619048
fractal_dp1.5_N0050_Df2.6_kf0.8_rep01,50,fractal_dp1.5_N0050_Df2.6_kf0.8_rep01,0.59291015625,2.0744752205524564,0.7434200082477707,scale_span_below_half_decade;window_sensitivity_above_0.20,0.0879328138808217,2.422211663558298,0.8846810333678865,49,0.12434078908614832,0.3967093880330863,0.3633624540281285,0.42,0.3,0.9991996797437437,6.738775510204082,3.88,9.4,0.32197331809407564,6.285714285714285
fractal_dp1.5_N0050_Df2.6_kf0.8_rep02,50,fractal_dp1.5_N0050_Df2.6_kf0.8_rep02,0.593681640625,2.091482290769452,0.7613095798921592,scale_span_below_half_decade;window_sensitivity_above_0.20,0.08765708564733463,2.4222218368527657,0.8846852333613292,49,0.12824613348549385,0.409789481012813,0.34148663647932875,0.38,0.26,0.9372299611087984,8.343673469387754,4.4,9.12,0.35742250406805853,7.183333333333334
fractal_dp1.5_N0050_Df2.6_kf0.8_rep03,50,fractal_dp1.5_N0050_Df2.6_kf0.8_rep03,0.59080078125,2.0709400881846736,0.7437809047819212,scale_span_below_half_decade;grid_SD_above_0.10,0.10107643312648265,2.4222065414597522,0.8846789187285928,49,0.15016402950873486,0.4852016448243413,0.2429156616657443,0.48,0.34,1.0575443253121828,6.696326530612245,4.56,9.64,0.31990597954184863,5.608695652173913
fractal_dp1.5_N0050_Df2.6_kf0.8_rep04,50,fractal_dp1.5_N0050_Df2.6_kf0.8_rep04,0.59728515625,2.081226778759271,0.7672930126445169,scale_span_below_half_decade,0.06592855301775549,2.4222104904756554,0.8846805490654845,49,0.09310995240688247,0.4930696056241561,0.3803842520581392,0.42,0.28,0.9991996797437436,7.7640816326530615,4.32,8.96,0.3741486935670886,8.375
fractal_dp1.5_N0050_Df2.6_kf0.8_rep05,50,fractal_dp1.5_N0050_Df2.6_kf0.8_rep05,0.592880859375,2.0554212199062944,0.7569840851951554,scale_span_below_half_decade;window_sensitivity_above_0.20,0.06829401880703546,2.422207428946908,0.8846792851246775,49,0.13181418972865278,0.489493925466726,0.27908898292932566,0.42,0.28,1.0190191362285597,7.55265306122449,4.48,9.68,0.34352241520852766,6.072463768115942
fractal_dp1.5_N0100_Df1.8_kf1.3_rep01,100,fractal_dp1.5_N0100_Df1.8_kf1.3_rep01,0.662763671875,1.823242645108408,0.9224927420767818,ok,0.07213309484072562,5.568399943395705,1.7171077493670042,99,0.34012852855326303,0.3086856177723461,0.09554721834694355,0.34,0.27,0.8829496021857646,15.002424242424242,3.5,6.54,0.3224958777534548,0.6621621621621623
fractal_dp1.5_N0100_Df1.8_kf1.3_rep02,100,fractal_dp1.5_N0100_Df1.8_kf1.3_rep02,0.668837890625,1.8195876052035924,0.9127624915685286,ok,0.08277205526470387,5.568422753352037,1.7171118456801004,99,0.3327202255609035,0.4064210183141437,0.04350082903643631,0.37,0.29,0.9271461589199407,16.117373737373736,3.36,6.8,0.29041790673722795,0.3555555555555552
fractal_dp1.5_N0100_Df1.8_kf1.3_rep03,100,fractal_dp1.5_N0100_Df1.8_kf1.3_rep03,0.6687890625,1.800150855338021,0.9148491666927644,ok,0.07278077141055003,5.5684139911503445,1.7171102721270541,99,0.4282494020698657,0.23354705293656347,0.07537052114145319,0.34,0.27,0.8829496021857646,14.986262626262626,3.4,6.8,0.3301462400094654,1.666666666666667
fractal_dp1.5_N0100_Df1.8_kf1.3_rep04,100,fractal_dp1.5_N0100_Df1.8_kf1.3_rep04,0.6667822265625,1.8000768346195748,0.9194532568091087,ok,0.026942751920899087,5.5684006636176955,1.717107878707919,99,0.41669393524218623,0.2039416504844255,0.10899919544714631,0.34,0.26,0.8942035562443261,16.853737373737374,3.32,6.7,0.347155323869045,3.3937984496124027
fractal_dp1.5_N0100_Df1.8_kf1.3_rep05,100,fractal_dp1.5_N0100_Df1.8_kf1.3_rep05,0.6712548828125,1.8280037470321935,0.9187806699300243,ok,0.04246465118757311,5.568404583201205,1.717108582605208,99,0.43699224971804007,0.2425091204088728,0.06176138670909325,0.3,0.24,0.8121576201698779,16.75717171717172,3.1,6.2,0.32418953616519,1.1943319838056672
fractal_dp1.5_N0100_Df2.2_kf1.1_rep01,100,fractal_dp1.5_N0100_Df2.2_kf1.1_rep01,0.5868115234375,2.055124666195406,0.846660806400575,ok,0.05659349230689278,3.864336133365027,1.3517899036032683,99,0.2834946168128598,0.264335976349558,0.19105151937534315,0.33,0.26,0.8599999999999999,15.286262626262626,3.78,7.54,0.3595216501112733,4.720450281425892
fractal_dp1.5_N0100_Df2.2_kf1.1_rep02,100,fractal_dp1.5_N0100_Df2.2_kf1.1_rep02,0.597705078125,2.0005355734875496,0.8553220652637452,scale_span_below_half_decade,0.06635139782631272,3.864338097702805,1.3517904119279096,99,0.16007071380864957,0.4082974670128886,0.27014278359979577,0.36,0.26,0.9271461589199408,13.413131313131313,3.5,7.98,0.3522083592485715,2.833333333333333
fractal_dp1.5_N0100_Df2.2_kf1.1_rep03,100,fractal_dp1.5_N0100_Df2.2_kf1.1_rep03,0.5836767578125,1.9959050907188205,0.8444862618794534,window_sensitivity_above_0.20,0.08406637935079446,3.8643395553761146,1.351790789139478,99,0.28087084314045774,0.2990977368020765,0.1656509264785082,0.39,0.26,1.0097524449091468,12.534949494949496,3.96,8.54,0.3972369177884961,3.400696864111498
fractal_dp1.5_N0100_Df2.2_kf1.1_rep04,100,fractal_dp1.5_N0100_Df2.2_kf1.1_rep04,0.58931640625,1.9812533299687978,0.8556434135965232,ok,0.037068465098649875,3.8643440000420624,1.3517919393136095,99,0.20196532766399766,0.357836782257061,0.23104509807669596,0.39,0.28,0.9795917517006765,12.967474747474748,4.1,8.32,0.3742905023875369,4.627272727272728
fractal_dp1.5_N0100_Df2.2_kf1.1_rep05,100,fractal_dp1.5_N0100_Df2.2_kf1.1_rep05,0.592958984375,2.043716800791907,0.8509528079495736,scale_span_below_half_decade,0.020649717355019477,3.864342696206314,1.3517916019119787,99,0.22885613036194097,0.3371455110189182,0.2050999318582488,0.38,0.3,0.9271461589199408,14.792121212121213,3.68,7.84,0.33296435916346395,2.645348837209302
fractal_dp1.5_N0100_Df2.6_kf0.8_rep01,100,fractal_dp1.5_N0100_Df2.6_kf0.8_rep01,0.52416015625,2.117135113483983,0.783742462809796,scale_span_below_half_decade,0.08644757357604066,3.1788889236228255,1.1565317406522388,99,0.13806457315499787,0.43749499434352684,0.29686113109809137,0.37,0.32,0.8829496021857646,10.61010101010101,4.46,10.06,0.3851988070287983,8.141414141414142
fractal_dp1.5_N0100_Df2.6_kf0.8_rep02,100,fractal_dp1.5_N0100_Df2.6_kf0.8_rep02,0.5186279296875,2.08897068434853,0.7789587150966764,scale_span_below_half_decade;window_sensitivity_above_0.20,0.0867083487225636,3.178873836460053,1.156526994591921,99,0.155888747916216,0.41363029340772994,0.27487336769460385,0.37,0.29,0.9162968951164246,11.722626262626262,4.48,10.16,0.3479076631514232,6.524916943521594
fractal_dp1.5_N0100_Df2.6_kf0.8_rep03,100,fractal_dp1.5_N0100_Df2.6_kf0.8_rep03,0.5268212890625,2.1355363310497446,0.7943307574645542,scale_span_below_half_decade,0.041369991490789196,3.17887960287583,1.1565288085709726,99,0.11442835698716303,0.4191694985696147,0.3718777847639317,0.43,0.28,1.0581115253129036,11.766666666666667,4.7,10.4,0.3506650486309706,6.7555555555555555
fractal_dp1.5_N0100_Df2.6_kf0.8_rep04,100,fractal_dp1.5_N0100_Df2.6_kf0.8_rep04,0.522451171875,2.1193462099105584,0.7887946432778044,scale_span_below_half_decade,0.02735612703071331,3.1788828152159008,1.1565298190963302,99,0.1207556912612836,0.5877529439141077,0.26013331655567584,0.43,0.29,1.0581115253129039,11.075959595959596,4.62,10.42,0.319212958918252,4.689361702127659
fractal_dp1.5_N0100_Df2.6_kf0.8_rep05,100,fractal_dp1.5_N0100_Df2.6_kf0.8_rep05,0.5235693359375,2.1344913037729683,0.7850996010407174,scale_span_below_half_decade,0.08535031467482586,3.1788755451931148,1.1565275321195772,99,0.12765960324630043,0.5192025165764383,0.2730797491264036,0.44,0.28,1.0860939185908371,10.96020202020202,4.54,10.4,0.3399551832627632,5.8277777777777775
fractal_dp1.5_N0200_Df1.8_kf1.3_rep01,200,fractal_dp1.5_N0200_Df1.8_kf1.3_rep01,0.62731689453125,1.8115585093021727,0.945212077038176,ok,0.043240568608113865,8.19471298880369,2.103489188861762,199,0.37660102754677893,0.27325450721905176,0.08765338130497373,0.34,0.265,0.8999444427296609,27.572663316582915,3.68,7.19,0.35984106188990744,1.9235033259423497
fractal_dp1.5_N0200_Df1.8_kf1.3_rep02,200,fractal_dp1.5_N0200_Df1.8_kf1.3_rep02,0.6420751953125,1.821222194747974,0.946616328828066,ok,0.06565554758468284,8.194706010750261,2.103488337330243,199,0.4006875405309481,0.2840698759657277,0.05970108902906189,0.325,0.29,0.8306021911842034,22.406733668341708,3.27,6.67,0.3039857226558371,0.5473801560758078
fractal_dp1.5_N0200_Df1.8_kf1.3_rep03,200,fractal_dp1.5_N0200_Df1.8_kf1.3_rep03,0.64355712890625,1.8133620225220861,0.9464174398526367,ok,0.027922360411562302,8.194707658592128,2.1034885384163706,199,0.4002644477511279,0.21899421798532664,0.11000851165013409,0.335,0.275,0.8717224328879003,27.186934673366835,3.37,6.78,0.35032525874462583,1.3279272151898738
fractal_dp1.5_N0200_Df1.8_kf1.3_rep04,200,fractal_dp1.5_N0200_Df1.8_kf1.3_rep04,0.63339111328125,1.8038627164188032,0.9397385025584313,ok,0.05003620033053877,8.194708839907033,2.103488682572193,199,0.5310011564214274,0.16918550409724095,0.056010550583382515,0.345,0.295,0.8717224328879003,24.855527638190956,3.61,7.15,0.35319877759928364,1.1147771147771142
fractal_dp1.5_N0200_Df1.8_kf1.3_rep05,200,fractal_dp1.5_N0200_Df1.8_kf1.3_rep05,0.62042236328125,1.8305929984050036,0.9281572181348265,ok,0.042353363729710526,8.194705342023866,2.1034882557255554,199,0.6201800333866712,0.13769309376742797,0.030956405967094244,0.32,0.275,0.8366002629691195,24.90105527638191,3.57,7.4,0.37327641397116573,1.4058441558441563
fractal_dp1.5_N0200_Df2.2_kf1.1_rep01,200,fractal_dp1.5_N0200_Df2.2_kf1.1_rep01,0.5366064453125,2.0593547087235793,0.8809818049144738,ok,0.06775991650985702,5.307937692898035,1.6692033780623388,199,0.2207539184944044,0.43244270781843547,0.15514598288756984,0.375,0.275,0.9797448647479607,20.604422110552765,4.04,8.57,0.33808983612769977,2.226960784313725
fractal_dp1.5_N0200_Df2.2_kf1.1_rep02,200,fractal_dp1.5_N0200_Df2.2_kf1.1_rep02,0.53249267578125,2.0384308858426134,0.8743464822622663,ok,0.06837512323520427,5.307924790819464,1.669200947345364,199,0.23988714212567908,0.41972287909752204,0.13666833650389915,0.36,0.28,0.9273079315955407,19.504070351758795,3.95,8.94,0.34031691686092563,0.7036613272311207
fractal_dp1.5_N0200_Df2.2_kf1.1_rep03,200,fractal_dp1.5_N0200_Df2.2_kf1.1_rep03,0.54167236328125,1.9914649527381243,0.887044911570592,ok,0.04673543867294254,5.307925978122722,1.669201171030358,199,0.16213212898564577,0.4333541117167969,0.2494406894121782,0.365,0.275,0.9433451118228152,20.666532663316584,4.01,8.58,0.3638081597650359,1.1228070175438587
fractal_dp1.5_N0200_Df2.2_kf1.1_rep04,200,fractal_dp1.5_N0200_Df2.2_kf1.1_rep04,0.5368359375,2.05794017652087,0.8823603436988082,ok,0.04724354297729491,5.307929903342348,1.6692019105316607,199,0.2554476929483509,0.3565398752436781,0.1553889473184091,0.355,0.27,0.9273079315955406,25.536733668341707,4.05,8.54,0.3469363558292479,0.011111111111111072
fractal_dp1.5_N0200_Df2.2_kf1.1_rep05,200,fractal_dp1.5_N0200_Df2.2_kf1.1_rep05,0.540458984375,2.0538652789015566,0.8789744180499142,ok,0.04791045249692467,5.307926148338541,1.6692012030985928,199,0.2518822915857979,0.27567356075953814,0.2229008457987374,0.38,0.315,0.9273079315955406,21.82889447236181,3.88,8.6,0.3360042622511602,-0.6480836236933794
fractal_dp1.5_N0200_Df2.6_kf0.8_rep01,200,fractal_dp1.5_N0200_Df2.6_kf0.8_rep01,0.45928466796875,2.1908990683058085,0.807296190440461,scale_span_below_half_decade,0.06160389511422751,4.1627758827784,1.4261821312552239,199,0.12473935188040464,0.5777530522942773,0.2548334915986095,0.39,0.28,0.9949371839468057,19.267236180904522,4.82,10.92,0.36737023247419004,4.229166666666666
fractal_dp1.5_N0200_Df2.6_kf0.8_rep02,200,fractal_dp1.5_N0200_Df2.6_kf0.8_rep02,0.46220947265625,2.1667441740840205,0.8163786298403543,ok,0.020792034601341214,4.162787316828335,1.4261848779883064,199,0.11588734668705447,0.5457179984745626,0.2881388451345586,0.385,0.295,0.9643132271207316,20.2935175879397,4.88,10.76,0.31751760467445317,3.3546348314606735
fractal_dp1.5_N0200_Df2.6_kf0.8_rep03,200,fractal_dp1.5_N0200_Df2.6_kf0.8_rep03,0.46091796875,2.172326512492734,0.8172031513882627,scale_span_below_half_decade,0.05969373032795547,4.162771053130882,1.4261809710557667,199,0.08668082273560085,0.47372758180862495,0.4171693600022866,0.355,0.28,0.9219002115196633,23.0743216080402,4.65,10.83,0.3486968755637162,2.456363636363637
fractal_dp1.5_N0200_Df2.6_kf0.8_rep04,200,fractal_dp1.5_N0200_Df2.6_kf0.8_rep04,0.46123046875,2.197570003862387,0.8122559189376377,scale_span_below_half_decade,0.06348453387190824,4.1627770449849075,1.4261824104454515,199,0.10753162048407283,0.5134809908338765,0.3253712314951497,0.395,0.29,1.0099009852455834,20.25427135678392,4.8,10.69,0.3294590356955292,4.281224152191895
fractal_dp1.5_N0200_Df2.6_kf0.8_rep05,200,fractal_dp1.5_N0200_Df2.6_kf0.8_rep05,0.4590234375,2.2145730382816247,0.8131391060015887,scale_span_below_half_decade,0.05947142578642451,4.162783775278782,1.426184027223953,199,0.09627375030141339,0.5724463488649821,0.3274999478600781,0.425,0.315,1.0246462804304712,18.201206030150754,4.63,10.46,0.3374422442245272,2.583146067415729
fractal_dp1.5_N0500_Df1.8_kf1.3_rep01,500,fractal_dp1.5_N0500_Df1.8_kf1.3_rep01,0.60223046875,1.837408592192545,0.9676574339065012,ok,0.01978692139749009,13.643339067116521,2.6132514220987466,499,0.44107735369406786,0.24408410720595938,0.057511358973978376,0.308,0.272,0.8221824615010952,53.83425250501002,3.26,6.768,0.35021707787018647,0.12345396243701323
fractal_dp1.5_N0500_Df1.8_kf1.3_rep02,500,fractal_dp1.5_N0500_Df1.8_kf1.3_rep02,0.6019111328125,1.8268383610447139,0.9660819106566272,ok,0.032139742457233826,13.643347346561407,2.6132520289474317,499,0.3734418149518993,0.30546415912525904,0.06765136564641361,0.29,0.256,0.8024861369519102,54.86569138276553,3.428,6.772,0.35709792501283216,0.6113029024421435
fractal_dp1.5_N0500_Df1.8_kf1.3_rep03,500,fractal_dp1.5_N0500_Df1.8_kf1.3_rep03,0.61198828125,1.8075377374286241,0.9716485005635148,ok,0.056035373941932816,13.64335345785148,2.6132524768792003,499,0.32323760301472404,0.37932182255167685,0.06721746322414172,0.324,0.268,0.8671701101860003,53.7568496993988,3.448,6.9,0.3436341601803408,0.6549122807017547
fractal_dp1.5_N0500_Df1.8_kf1.3_rep04,500,fractal_dp1.5_N0500_Df1.8_kf1.3_rep04,0.6017802734375,1.8145040308693383,0.9712144757059523,ok,0.03370003315917355,13.643349568464743,2.6132521918035914,499,0.3370944925538042,0.3354194839152499,0.08061707970931158,0.318,0.266,0.857895098482326,55.38204408817635,3.624,7.268,0.34127105650399425,1.2824873539159247
fractal_dp1.5_N0500_Df1.8_kf1.3_rep05,500,fractal_dp1.5_N0500_Df1.8_kf1.3_rep05,0.6031767578125,1.8037541673637996,0.9689760907094094,ok,0.029467303163882002,13.643345008989428,2.6132518576132187,499,0.4796313470640776,0.19811596825724426,0.06598622535940966,0.308,0.264,0.8318557567270902,46.59759519038076,3.512,6.908,0.3351284264116802,0.9432460732984289
fractal_dp1.5_N0500_Df2.2_kf1.1_rep01,500,fractal_dp1.5_N0500_Df2.2_kf1.1_rep01,0.4801533203125,2.0624491012217714,0.9225897206156801,ok,0.01997553618794731,8.062298489623602,2.08719868827449,499,0.2413634975381268,0.29807396144482656,0.21834434372617875,0.376,0.302,0.9507807318199081,34.87280160320641,4.04,8.976,0.35306775399980533,1.3347117794486216
fractal_dp1.5_N0500_Df2.2_kf1.1_rep02,500,fractal_dp1.5_N0500_Df2.2_kf1.1_rep02,0.4882451171875,2.056039110306219,0.9231485025832595,ok,0.0338431399806957,8.062306633619535,2.0871996984072494,499,0.22370241815099734,0.37659837340147784,0.1845684210176708,0.33,0.256,0.8944182466832841,35.20345490981964,4.064,8.716,0.3590811642759722,1.0625
fractal_dp1.5_N0500_Df2.2_kf1.1_rep03,500,fractal_dp1.5_N0500_Df2.2_kf1.1_rep03,0.481486328125,2.053722707908887,0.9108040622058371,ok,0.030952411328776453,8.062302672150276,2.08719920705032,499,0.35237185021566375,0.2632229317434185,0.11734046787190125,0.368,0.308,0.9186860181803138,38.71009218436874,3.956,8.608,0.35416604851004646,1.6529263220439692
fractal_dp1.5_N0500_Df2.2_kf1.1_rep04,500,fractal_dp1.5_N0500_Df2.2_kf1.1_rep04,0.483068359375,2.109991477132336,0.9113662359264231,ok,0.05652057877734171,8.062309786540117,2.0872000894764695,499,0.22554241398790886,0.48865694975813195,0.12113321961595258,0.344,0.28,0.9033183270586288,48.34098597194389,3.912,8.376,0.3319484206336153,1.513885752991647
fractal_dp1.5_N0500_Df2.2_kf1.1_rep05,500,fractal_dp1.5_N0500_Df2.2_kf1.1_rep05,0.4918544921875,2.0818192830703066,0.9230073361622546,ok,0.02840664125713154,8.062310613117468,2.087200192000105,499,0.18493239942451278,0.4736237488172084,0.18706669908036458,0.374,0.292,0.9528819444191394,34.37686573146293,4.008,8.592,0.35770007848789326,2.1915816326530617
fractal_dp1.5_N0500_Df2.6_kf0.8_rep01,500,fractal_dp1.5_N0500_Df2.6_kf0.8_rep01,0.389091796875,2.2497220459337606,0.850490233302956,ok,0.037173135899178165,5.934521684565338,1.7807864324912903,499,0.11309140648746419,0.48693230112608715,0.3260053398512565,0.39,0.288,1.001990019910378,41.63959118236473,4.708,10.952,0.3274071365284748,2.7319444444444443
fractal_dp1.5_N0500_Df2.6_kf0.8_rep02,500,fractal_dp1.5_N0500_Df2.6_kf0.8_rep02,0.39017578125,2.248387778822048,0.8498496236224409,ok,0.06878828005346277,5.934517845492716,1.7807857855859344,499,0.10007025842791373,0.5156310769702873,0.34494873193296666,0.382,0.292,0.9777443428626933,34.673458917835674,4.664,10.996,0.337736999831442,3.179399141630901
fractal_dp1.5_N0500_Df2.6_kf0.8_rep03,500,fractal_dp1.5_N0500_Df2.6_kf0.8_rep03,0.389884765625,2.2425202173639365,0.850782040728987,ok,0.04881967953425741,5.934518960452665,1.7807859734630076,499,0.11322391969692869,0.5678546635588142,0.28520108536083477,0.362,0.278,0.9465643137156607,35.078693386773544,4.748,11.008,0.32526288342024906,2.3278191342707473
fractal_dp1.5_N0500_Df2.6_kf0.8_rep04,500,fractal_dp1.5_N0500_Df2.6_kf0.8_rep04,0.3898330078125,2.252190888508902,0.8490761099333612,ok,0.0611242210785195,5.934519665557982,1.7807860922772332,499,0.09560570709919092,0.5503867390994651,0.3394761183798798,0.396,0.29,1.0099425726248004,42.90324649298597,4.744,10.96,0.31435626689998325,1.3377450980392158
fractal_dp1.5_N0500_Df2.6_kf0.8_rep05,500,fractal_dp1.5_N0500_Df2.6_kf0.8_rep05,0.3903203125,2.2575421665804805,0.848264709960611,ok,0.040664318760278505,5.934523831333094,1.7807867942335642,499,0.09859483001220948,0.5571400188717942,0.327784294836622,0.366,0.27,0.9756966741769698,26.86512224448898,4.772,10.876,0.329988839953431,1.4775528666742055
fractal_dp1_N0050_Df1.8_kf1.3_rep01,50,fractal_dp1_N0050_Df1.8_kf1.3_rep01,0.719765625,1.7630470354222423,0.8790567643614376,scale_span_below_half_decade,0.05417353633185889,3.7780765491656605,1.3292150306966175,49,0.3112397796598949,0.33143771940471217,0.10869571832906291,0.28,0.22,0.7472616676907762,10.148571428571428,3.16,6.04,0.32605387086334225,0.8273809523809526
fractal_dp1_N0050_Df1.8_kf1.3_rep02,50,fractal_dp1_N0050_Df1.8_kf1.3_rep02,0.715126953125,1.7596521086534471,0.8736195029506069,scale_span_below_half_decade;window_sensitivity_above_0.20,0.0902232164113121,3.7780724085978634,1.3292139347500393,49,0.3752406329376675,0.30191582930835065,0.06851441007328168,0.36,0.24,0.9156418513807677,9.024489795918367,3.28,6.36,0.27189894743669546,0.666666666666667
fractal_dp1_N0050_Df1.8_kf1.3_rep03,50,fractal_dp1_N0050_Df1.8_kf1.3_rep03,0.6987109375,1.8099327081222267,0.8828547577767709,scale_span_below_half_decade,0.049215196499314405,3.7780750062778,1.329214622317339,49,0.3311952362230053,0.2786735404562176,0.12613522895070625,0.44,0.32,0.9991996797437437,8.092244897959183,3.52,6.76,0.3288684788542072,2.282608695652174
fractal_dp1_N0050_Df1.8_kf1.3_rep04,50,fractal_dp1_N0050_Df1.8_kf1.3_rep04,0.692041015625,1.824581011840224,0.8741476457863985,window_sensitivity_above_0.20,0.08995290384772581,3.77806687849229,1.3292124710116504,49,0.4221729051605221,0.23685655361867777,0.07753497512400473,0.34,0.26,0.8475848040166836,9.702857142857143,3.52,6.52,0.3235287576303119,-0.44736842105263186
fractal_dp1_N0050_Df1.8_kf1.3_rep05,50,fractal_dp1_N0050_Df1.8_kf1.3_rep05,0.688310546875,1.8331762480998925,0.8515362352853755,scale_span_below_half_decade,0.056805255429119135,3.7780698625164884,1.3292132608396539,49,0.4669353761740339,0.22442072469809826,0.05382727041959819,0.4,0.28,0.9789790600416334,9.582040816326531,4.0,7.0,0.2740475156178697,2.2282608695652177
fractal_dp1_N0050_Df2.2_kf1.1_rep01,50,fractal_dp1_N0050_Df2.2_kf1.1_rep01,0.6309765625,1.9616888112747377,0.8013555054300362,scale_span_below_half_decade,0.08564459042375491,2.807504094889854,1.0322958661832191,49,0.19919184004378043,0.42268399048197336,0.1922096585457428,0.36,0.26,0.893532316147547,7.848979591836735,4.04,7.72,0.34177259241534674,4.166666666666667
fractal_dp1_N0050_Df2.2_kf1.1_rep02,50,fractal_dp1_N0050_Df2.2_kf1.1_rep02,0.638017578125,1.972103715806279,0.8017073085186417,scale_span_below_half_decade;grid_SD_above_0.10;window_sensitivity_above_0.20,0.10861031756065723,2.8075084695991364,1.0322974244020946,49,0.28087085372868215,0.2784775588203751,0.1822405200413444,0.44,0.3,1.0190191362285597,8.915102040816327,3.72,7.6,0.36559063130131064,4.578947368421052
fractal_dp1_N0050_Df2.2_kf1.1_rep03,50,fractal_dp1_N0050_Df2.2_kf1.1_rep03,0.640595703125,1.9783260281765844,0.7994187574794529,scale_span_below_half_decade,0.05697014955968478,2.8075032555514454,1.0322955672206866,49,0.25416288026158596,0.38822696423062236,0.1369003044698987,0.38,0.26,0.9372299611087984,8.444897959183674,3.8,7.8,0.3468653656017611,4.5
fractal_dp1_N0050_Df2.2_kf1.1_rep04,50,fractal_dp1_N0050_Df2.2_kf1.1_rep04,0.644599609375,1.932298678390642,0.8141930247571695,scale_span_below_half_decade;grid_SD_above_0.10,0.10497043729649705,2.8075055866103957,1.0322963975164228,49,0.1916120355114863,0.35273526653560877,0.2525925510823544,0.34,0.24,0.8708616422830896,8.26204081632653,3.6,7.44,0.3272069689183428,4.416666666666667
fractal_dp1_N0050_Df2.2_kf1.1_rep05,50,fractal_dp1_N0050_Df2.2_kf1.1_rep05,0.624287109375,1.950941545329966,0.7930768700762248,scale_span_below_half_decade;grid_SD_above_0.10;window_sensitivity_above_0.20,0.10596744625941536,2.8075033505382674,1.032295601053887,49,0.2749488153817913,0.2793435866787116,0.18889210718273125,0.36,0.24,0.9156418513807677,9.256326530612245,4.56,8.44,0.40155914546957855,7.2
fractal_dp1_N0050_Df2.6_kf0.8_rep01,50,fractal_dp1_N0050_Df2.6_kf0.8_rep01,0.585478515625,2.082943029000932,0.7499206267222202,scale_span_below_half_decade;grid_SD_above_0.10,0.10362995869012694,2.422205701915061,0.8846785721252697,49,0.13727991273726337,0.49111208897877523,0.2662465000252939,0.42,0.24,1.0762899237658967,8.431836734693878,4.88,10.04,0.36944539107392066,7.858333333333333
fractal_dp1_N0050_Df2.6_kf0.8_rep02,50,fractal_dp1_N0050_Df2.6_kf0.8_rep02,0.5845703125,2.1185421518284095,0.729308069494629,scale_span_below_half_decade,0.06647243341953524,2.4222064437581428,0.884678878392804,49,0.16914108763740165,0.37834600632471216,0.27429652195251036,0.42,0.26,1.0190191362285597,7.437551020408163,4.6,9.8,0.3433184457400147,8.09090909090909
fractal_dp1_N0050_Df2.6_kf0.8_rep03,50,fractal_dp1_N0050_Df2.6_kf0.8_rep03,0.59185546875,2.049821595890695,0.7600332971307968,scale_span_below_half_decade;grid_SD_above_0.10;window_sensitivity_above_0.20,0.14320536084781332,2.422208020715394,0.8846795294342303,49,0.10639951277822102,0.5141262839708451,0.3280727261374384,0.4,0.26,0.9991996797437436,6.591836734693878,4.44,9.64,0.3674952668130212,8.125
fractal_dp1_N0050_Df2.6_kf0.8_rep04,50,fractal_dp1_N0050_Df2.6_kf0.8_rep04,0.594375,2.0877139504345767,0.7504691121163249,scale_span_below_half_decade;grid_SD_above_0.10;window_sensitivity_above_0.20,0.18481515584662775,2.422206122654905,0.8846787458263748,49,0.11803747858189129,0.4047998697961358,0.37405396871040836,0.38,0.26,0.9372299611087984,7.966530612244898,4.2,8.76,0.3891739863500003,6.463636363636363
fractal_dp1_N0050_Df2.6_kf0.8_rep05,50,fractal_dp1_N0050_Df2.6_kf0.8_rep05,0.59826171875,2.1208030223643743,0.7624719793093514,scale_span_below_half_decade;grid_SD_above_0.10;window_sensitivity_above_0.20,0.1275807929506251,2.422206691683543,0.8846789807479886,49,0.09785922549611714,0.4792733217199726,0.3748671004138297,0.38,0.28,0.9156418513807677,7.982857142857143,4.2,9.28,0.3950731430345598,9.855072463768114
fractal_dp1_N0100_Df1.8_kf1.3_rep01,100,fractal_dp1_N0100_Df1.8_kf1.3_rep01,0.661611328125,1.813815074040729,0.9117656749031915,ok,0.06985887764157736,5.568408392138678,1.717109266631685,99,0.4158591214138775,0.22859071397641637,0.08913471922538567,0.33,0.27,0.8482924024179397,15.652323232323232,3.44,7.12,0.3161079752052854,0.9732142857142856
fractal_dp1_N0100_Df1.8_kf1.3_rep02,100,fractal_dp1_N0100_Df1.8_kf1.3_rep02,0.6620849609375,1.797087984949717,0.9197271362203174,ok,0.05496699591617913,5.568414099027765,1.7171102915001504,99,0.42367127398488835,0.21094590414618278,0.09733672070964539,0.3,0.26,0.7871467461661771,16.393333333333334,3.32,6.92,0.38215918326163223,2.6944444444444446
fractal_dp1_N0100_Df1.8_kf1.3_rep03,100,fractal_dp1_N0100_Df1.8_kf1.3_rep03,0.664140625,1.8365264429825283,0.9149380914344878,ok,0.0413045247325473,5.568409255548979,1.7171094216868055,99,0.47292438422296446,0.1945111332647993,0.07373883652997137,0.31,0.28,0.7871467461661771,14.906464646464647,3.36,6.56,0.37297440236370155,2.576470588235294
fractal_dp1_N0100_Df1.8_kf1.3_rep04,100,fractal_dp1_N0100_Df1.8_kf1.3_rep04,0.65345703125,1.8072486736295295,0.8889146682905518,ok,0.05579388378750898,5.568411410516928,1.7171098086855754,99,0.6140242272575995,0.10488737973881923,0.06423102799310881,0.37,0.29,0.9271461589199407,14.892727272727273,3.54,7.02,0.36926198383761233,2.2121951219512184
fractal_dp1_N0100_Df1.8_kf1.3_rep05,100,fractal_dp1_N0100_Df1.8_kf1.3_rep05,0.6560205078125,1.8350917359564463,0.9035022976281135,ok,0.054828924823251114,5.56841469799121,1.7171103990646026,99,0.539695882857361,0.14171760578136422,0.07473786285834173,0.35,0.28,0.8829496021857646,13.79979797979798,3.62,6.96,0.3350628930378945,1.0655080213903743
fractal_dp1_N0100_Df2.2_kf1.1_rep01,100,fractal_dp1_N0100_Df2.2_kf1.1_rep01,0.588515625,1.9952491021855892,0.8523024865297946,ok,0.05651306763103814,3.8643370762146088,1.3517901475907048,99,0.27514794209385285,0.34773393045152035,0.13740661404087517,0.44,0.34,1.0196077677224706,12.105858585858586,4.2,8.48,0.3444042327598455,4.854166666666667
fractal_dp1_N0100_Df2.2_kf1.1_rep02,100,fractal_dp1_N0100_Df2.2_kf1.1_rep02,0.5963134765625,1.9845709972600662,0.8595778886914475,scale_span_below_half_decade,0.06057144318574879,3.8643425877663464,1.3517915738502932,99,0.13835551838868942,0.440880575348669,0.29391621233373444,0.37,0.27,0.9484724561103501,13.002626262626263,4.0,7.86,0.3735434822723573,2.413043478260869
fractal_dp1_N0100_Df2.2_kf1.1_rep03,100,fractal_dp1_N0100_Df2.2_kf1.1_rep03,0.5895166015625,1.9795306172887492,0.858629339579323,scale_span_below_half_decade,0.04761281340351837,3.8643441372346587,1.3517919748157785,99,0.13760253954497037,0.378747469905522,0.34431267085732514,0.37,0.31,0.8942035562443262,14.561616161616161,3.9,8.2,0.36625993701661486,-0.9744897959183669
fractal_dp1_N0100_Df2.2_kf1.1_rep04,100,fractal_dp1_N0100_Df2.2_kf1.1_rep04,0.5869677734375,2.02762205665454,0.8611524418345606,scale_span_below_half_decade,0.03456248786962739,3.8643465160273296,1.3517925903903378,99,0.18919459982573006,0.32434317869804813,0.28107112854340055,0.4,0.28,1.0196077677224706,14.405858585858585,3.96,8.08,0.33561289617184736,3.291666666666667
fractal_dp1_N0100_Df2.2_kf1.1_rep05,100,fractal_dp1_N0100_Df2.2_kf1.1_rep05,0.590771484375,2.0476082932011574,0.8490149144016158,scale_span_below_half_decade,0.07911973019194941,3.8643464555224294,1.3517925747331236,99,0.2190885159026027,0.3997278295149408,0.17640253399949146,0.36,0.3,0.8829496021857646,14.154545454545454,3.62,8.06,0.3396967049089133,2.8499999999999996
fractal_dp1_N0100_Df2.6_kf0.8_rep01,100,fractal_dp1_N0100_Df2.6_kf0.8_rep01,0.527119140625,2.12178784558932,0.7901501054621464,scale_span_below_half_decade,0.03997676729195786,3.17888263369169,1.1565297619931822,99,0.14478140838632392,0.4614576230195021,0.26701495290753574,0.41,0.27,1.0581115253129036,11.114949494949496,4.36,10.26,0.39389243787757533,8.372222222222222
fractal_dp1_N0100_Df2.6_kf0.8_rep02,100,fractal_dp1_N0100_Df2.6_kf0.8_rep02,0.52580078125,2.1059554288013023,0.787243387360619,scale_span_below_half_decade,0.0905706043776216,3.178883599224871,1.1565300657266464,99,0.10898228320096992,0.4218494262103647,0.3860773184265179,0.43,0.31,1.0196077677224706,11.354949494949494,4.54,10.64,0.4147112425103529,9.083333333333332
fractal_dp1_N0100_Df2.6_kf0.8_rep03,100,fractal_dp1_N0100_Df2.6_kf0.8_rep03,0.5156201171875,2.106326017087429,0.7753477332079445,scale_span_below_half_decade,0.0837661965661852,3.1788818648349557,1.1565295201293213,99,0.1660379094252219,0.3923992638348787,0.26976685347567914,0.44,0.31,1.0581115253129036,11.44080808080808,4.96,10.74,0.3275085896225871,5.991919191919193
fractal_dp1_N0100_Df2.6_kf0.8_rep04,100,fractal_dp1_N0100_Df2.6_kf0.8_rep04,0.5197216796875,2.1322804543267186,0.774940429356723,scale_span_below_half_decade;grid_SD_above_0.10,0.10952525962170104,3.1788793662012766,1.1565287341187782,99,0.14994977034355872,0.426735450037965,0.27817858129832623,0.4,0.29,0.9795917517006766,12.634747474747474,4.64,10.44,0.3379258216294579,6.201388888888889
fractal_dp1_N0100_Df2.6_kf0.8_rep05,100,fractal_dp1_N0100_Df2.6_kf0.8_rep05,0.52529296875,2.1235336087535814,0.7847123494407238,scale_span_below_half_decade,0.05512490665797006,3.178880261656603,1.1565290158077313,99,0.11054552627459824,0.4046820332462016,0.39719680093241594,0.42,0.3,1.0196077677224706,12.771313131313132,4.72,10.08,0.3695166843255673,6.985106382978723
fractal_dp1_N0200_Df1.8_kf1.3_rep01,200,fractal_dp1_N0200_Df1.8_kf1.3_rep01,0.64783203125,1.776836111827955,0.9478312405281749,ok,0.06764965999727326,8.194707132635504,2.103488474233893,199,0.3718349145804454,0.3258977463051711,0.05561012945547249,0.31,0.26,0.8425556361451746,26.969849246231156,3.36,6.65,0.35033075961569154,0.36635944700460854
fractal_dp1_N0200_Df1.8_kf1.3_rep02,200,fractal_dp1_N0200_Df1.8_kf1.3_rep02,0.65089599609375,1.792477145459643,0.9537962068414266,ok,0.03428301614267191,8.194707009721336,2.1034884592346788,199,0.3445866014400708,0.23029699205359377,0.1522243211636972,0.34,0.285,0.8717224328879003,24.23291457286432,3.23,6.65,0.33851290780422344,0.4935897435897436
fractal_dp1_N0200_Df1.8_kf1.3_rep03,200,fractal_dp1_N0200_Df1.8_kf1.3_rep03,0.638232421875,1.8031392125601353,0.9385535743305586,ok,0.034645709765328665,8.194717859336969,2.1034897832122703,199,0.44831564336621677,0.23995573448501065,0.055290415216370244,0.32,0.26,0.8601744009211155,29.572713567839195,3.66,7.13,0.37115527225115147,1.2141982864137084
fractal_dp1_N0200_Df1.8_kf1.3_rep04,200,fractal_dp1_N0200_Df1.8_kf1.3_rep04,0.6384521484375,1.7600120761715476,0.9491306149596688,ok,0.03418974178603348,8.194713705677534,2.103489276341801,199,0.4345718651866177,0.2075424911020235,0.09153182269691487,0.34,0.285,0.8717224328879003,26.071909547738695,3.46,6.94,0.31425320435561804,0.8358147229114969
fractal_dp1_N0200_Df1.8_kf1.3_rep05,200,fractal_dp1_N0200_Df1.8_kf1.3_rep05,0.65201904296875,1.816312474726898,0.9521114101177598,ok,0.02266589569887296,8.194713849536871,2.10348929389694,199,0.33618942056108436,0.23911881990585018,0.1531869737996748,0.285,0.26,0.768049477572897,26.70894472361809,3.2,6.34,0.333266984477028,-0.4425339366515839
fractal_dp1_N0200_Df2.2_kf1.1_rep01,200,fractal_dp1_N0200_Df2.2_kf1.1_rep01,0.53330322265625,2.0424288226500806,0.8746005848580327,ok,0.06031957867216439,5.307924599827754,1.6692009113629942,199,0.2796998939246975,0.34118195241235516,0.13652484397628806,0.365,0.29,0.9326842981416594,21.05849246231156,4.14,9.0,0.3379312516832344,2.543030303030303
fractal_dp1_N0200_Df2.2_kf1.1_rep02,200,fractal_dp1_N0200_Df2.2_kf1.1_rep02,0.54664306640625,2.013466987249816,0.8907386089974882,ok,0.03334816775276497,5.307921771606375,1.6692003785328682,199,0.20145653001565633,0.3446186612059536,0.24211420253294474,0.35,0.28,0.9054832963671942,23.888693467336683,3.86,8.57,0.36686789819227517,1.666666666666667
fractal_dp1_N0200_Df2.2_kf1.1_rep03,200,fractal_dp1_N0200_Df2.2_kf1.1_rep03,0.53949462890625,2.0767223641939165,0.8812091609434815,ok,0.0268324783070021,5.3079228994159235,1.6692005910095167,199,0.20658559894793938,0.3379396774783497,0.23892891489268323,0.38,0.28,0.9898989847454133,20.03110552763819,4.04,8.15,0.33123153341578127,1.7734487734487736
fractal_dp1_N0200_Df2.2_kf1.1_rep04,200,fractal_dp1_N0200_Df2.2_kf1.1_rep04,0.53048095703125,2.0221511340438174,0.8823378629651955,ok,0.05216158152441463,5.3079289862515795,1.6692017377541626,199,0.36958828972435165,0.2165311268314602,0.13975893856990362,0.335,0.275,0.8717224328879003,22.075979899497487,4.02,8.69,0.3822475806908328,3.9321753515301907
fractal_dp1_N0200_Df2.2_kf1.1_rep05,200,fractal_dp1_N0200_Df2.2_kf1.1_rep05,0.5391455078125,2.013320477954171,0.8813787538644295,ok,0.03701763130011315,5.307922823927857,1.6692005767877451,199,0.26343492234691057,0.30179384682858756,0.18519894196803144,0.395,0.31,0.9746281342132495,19.165979899497486,3.88,8.69,0.37454858277934366,0.9172077922077921
fractal_dp1_N0200_Df2.6_kf0.8_rep01,200,fractal_dp1_N0200_Df2.6_kf0.8_rep01,0.4605615234375,2.1608909067023134,0.8163445829251994,ok,0.04489475618709596,4.162774726273806,1.4261818534346573,199,0.14697683650260107,0.44277669993967184,0.2738868128773531,0.385,0.275,0.9898989847454132,18.813065326633165,4.7,10.99,0.3443279684032092,4.579545454545455
fractal_dp1_N0200_Df2.6_kf0.8_rep02,200,fractal_dp1_N0200_Df2.6_kf0.8_rep02,0.46010498046875,2.202853557930544,0.8130291624133361,scale_span_below_half_decade,0.09302044767567505,4.162773074847384,1.4261814567216815,199,0.10900286258926162,0.47355447944460083,0.34572946367050994,0.41,0.295,1.0246462804304712,18.709145728643215,4.81,10.94,0.3423385350644336,4.446808510638299
fractal_dp1_N0200_Df2.6_kf0.8_rep03,200,fractal_dp1_N0200_Df2.6_kf0.8_rep03,0.45949462890625,2.1890985435052115,0.8087679692455996,ok,0.037388087823607995,4.162775520812802,1.426182044302281,199,0.13009041535199628,0.5812525545348953,0.24203169514943854,0.415,0.285,1.0535179163165664,17.789447236180905,5.0,11.12,0.315205218050164,4.670967741935483
fractal_dp1_N0200_Df2.6_kf0.8_rep04,200,fractal_dp1_N0200_Df2.6_kf0.8_rep04,0.4652978515625,2.154436462232867,0.8252812334006541,ok,0.04449446838422339,4.162778130704375,1.4261826712615637,199,0.11327493744034989,0.49448232396786995,0.32099298597539777,0.42,0.295,1.0582532778120746,17.971457286432162,4.74,10.64,0.352041123567202,4.6871794871794865
fractal_dp1_N0200_Df2.6_kf0.8_rep05,200,fractal_dp1_N0200_Df2.6_kf0.8_rep05,0.4601513671875,2.1771750339481897,0.8148504747021711,ok,0.05461296791247612,4.162776429754913,1.4261822626522753,199,0.1100822304507526,0.5175523647178005,0.31641161384033906,0.4,0.275,1.0246462804304712,20.621256281407035,5.03,11.11,0.32212535123882247,2.6843774781919105
fractal_dp1_N0500_Df1.8_kf1.3_rep01,500,fractal_dp1_N0500_Df1.8_kf1.3_rep01,0.59663671875,1.794756806572696,0.9675584582716994,ok,0.032598560985593474,13.643349382149792,2.613252178147491,499,0.5321093680603153,0.15618768279518297,0.06661087299176631,0.302,0.266,0.8173028814338048,56.31274549098196,3.58,7.276,0.3261608623678501,0.637142336431566
fractal_dp1_N0500_Df1.8_kf1.3_rep02,500,fractal_dp1_N0500_Df1.8_kf1.3_rep02,0.6147509765625,1.8108087470135092,0.9742422011330177,ok,0.03906693203192291,13.643355508547982,2.6132526271865535,499,0.29056129382053475,0.3071096616607005,0.14823710984291566,0.298,0.262,0.8099283918964688,60.37418837675351,3.324,6.632,0.33037118207043126,0.6679459843638949
fractal_dp1_N0500_Df1.8_kf1.3_rep03,500,fractal_dp1_N0500_Df1.8_kf1.3_rep03,0.601947265625,1.7956744562890516,0.9707569569499049,ok,0.04567095254314761,13.643347719626487,2.6132520562915333,499,0.4664516912361979,0.20939765660204504,0.06610448246681443,0.334,0.272,0.8899348290745789,45.8735871743487,3.664,7.32,0.33198688916030683,0.8304735758407684
fractal_dp1_N0500_Df1.8_kf1.3_rep04,500,fractal_dp1_N0500_Df1.8_kf1.3_rep04,0.5978515625,1.8511963261097275,0.9670081164397897,ok,0.03976602557320019,13.643345603793032,2.6132519012098285,499,0.4252282678019411,0.2571048371525462,0.059778764575548406,0.306,0.256,0.8366504646505611,53.43465330661323,3.52,7.028,0.35369989874850155,0.7508771929824567
fractal_dp1_N0500_Df1.8_kf1.3_rep05,500,fractal_dp1_N0500_Df1.8_kf1.3_rep05,0.6068349609375,1.791913083937687,0.9706681961215691,ok,0.020075983826011345,13.64334867182139,2.613252126083412,499,0.42849078925943496,0.19170760344669696,0.11000157240593238,0.316,0.274,0.8390375438560541,51.833362725450904,3.444,7.036,0.3506430702344377,0.26182640888523245
fractal_dp1_N0500_Df2.2_kf1.1_rep01,500,fractal_dp1_N0500_Df2.2_kf1.1_rep01,0.4804375,2.079816979751631,0.9179975409600974,ok,0.02189652727812932,8.062301773072944,2.087199095534117,499,0.22825496661682854,0.3701731781339547,0.18240020489536687,0.352,0.276,0.9273532228875899,39.734044088176354,4.036,8.644,0.3353185332892203,1.1904761904761916
fractal_dp1_N0500_Df2.2_kf1.1_rep02,500,fractal_dp1_N0500_Df2.2_kf1.1_rep02,0.4904384765625,2.0851038305054796,0.9194677042362364,ok,0.04219751573831474,8.062300637094019,2.0871989546340317,499,0.21917868282260977,0.3745679678128813,0.1924687316191771,0.378,0.288,0.9736446990560776,36.82657314629259,4.056,8.856,0.3427062358891583,0.615702479338843
fractal_dp1_N0500_Df2.2_kf1.1_rep03,500,fractal_dp1_N0500_Df2.2_kf1.1_rep03,0.487611328125,2.0552225394262065,0.9202106095931522,ok,0.04050449784098087,8.062302933719044,2.0871992394937515,499,0.156483901375555,0.503205818621269,0.22189623406476772,0.342,0.276,0.9033183270586288,43.7429498997996,3.924,8.6,0.3532281784128757,-0.015804597701148282
fractal_dp1_N0500_Df2.2_kf1.1_rep04,500,fractal_dp1_N0500_Df2.2_kf1.1_rep04,0.4811982421875,2.0722044219683635,0.9150273996122036,ok,0.026314468633078753,8.062300525129752,2.0871989407466476,499,0.2119224668572176,0.4425388507912885,0.16213932605976442,0.372,0.304,0.9338008352962638,37.47627254509018,4.204,8.82,0.3539812548727278,1.3909191583610188
fractal_dp1_N0500_Df2.2_kf1.1_rep05,500,fractal_dp1_N0500_Df2.2_kf1.1_rep05,0.4877333984375,2.0662596864967333,0.920143313055525,ok,0.04123287816257476,8.062305889558752,2.087199606118423,499,0.22735225623403843,0.3145369535680314,0.22524694332318773,0.36,0.28,0.9444490457404252,46.75802004008016,4.052,8.636,0.3428667356816584,1.3113332812622058
fractal_dp1_N0500_Df2.6_kf0.8_rep01,500,fractal_dp1_N0500_Df2.6_kf0.8_rep01,0.390859375,2.2449979541485248,0.8469286818565872,ok,0.040832197267748054,5.934520267028407,1.7807861936283835,499,0.11183695558874995,0.5908923525637972,0.27983137598968366,0.392,0.29,0.9959839356134215,32.88202004008016,4.816,10.952,0.3269484649752626,2.4449275362318836
fractal_dp1_N0500_Df2.6_kf0.8_rep02,500,fractal_dp1_N0500_Df2.6_kf0.8_rep02,0.390068359375,2.2613510905996486,0.8520982194893776,ok,0.05369896231940956,5.934520052786238,1.780786157527374,499,0.10659012748206143,0.49087943197096073,0.3412343583123393,0.384,0.268,1.011920945528849,30.139230460921844,4.72,10.972,0.3406192009440445,2.35111935970305
fractal_dp1_N0500_Df2.6_kf0.8_rep03,500,fractal_dp1_N0500_Df2.6_kf0.8_rep03,0.387328125,2.2789722502760448,0.8455901295849901,ok,0.06709019432321105,5.9345192282191945,1.7807860185831808,499,0.1084699449716986,0.4336765576266923,0.3773802118818229,0.388,0.294,0.9899414124078253,37.91490981963928,4.812,11.16,0.32251094428179755,2.339545964125561
fractal_dp1_N0500_Df2.6_kf0.8_rep04,500,fractal_dp1_N0500_Df2.6_kf0.8_rep04,0.389013671875,2.261856772173615,0.8502741006555047,ok,0.04282478659949598,5.934520954010203,1.7807863093886684,499,0.1028710587797862,0.4286087830678234,0.399673581577773,0.392,0.3,0.9879190250217879,32.22890581162325,4.8,11.124,0.32313259176520753,1.3652237710931772
fractal_dp1_N0500_Df2.6_kf0.8_rep05,500,fractal_dp1_N0500_Df2.6_kf0.8_rep05,0.3905224609375,2.2526652388682997,0.849030101640515,ok,0.04515049510970841,5.934518676820458,1.7807859256693759,499,0.085174383246307,0.5502063578274968,0.37157586991409186,0.374,0.278,0.9797877321134408,37.84351102204409,4.844,10.932,0.326339628065702,2.3691460055096414
fractal_dp2_N0050_Df1.8_kf1.3_rep01,50,fractal_dp2_N0050_Df1.8_kf1.3_rep01,0.704501953125,1.797839989641547,0.8855881785236258,scale_span_below_half_decade,0.03976567527401614,3.778062341964034,1.3292112702571042,49,0.29921511829454983,0.2575397221119363,0.1780080039166058,0.36,0.3,0.8475848040166836,9.162448979591836,3.2,5.92,0.3255186343363758,-0.2260869565217396
fractal_dp2_N0050_Df1.8_kf1.3_rep02,50,fractal_dp2_N0050_Df1.8_kf1.3_rep02,0.6855078125,1.8520606568337532,0.853252679011711,ok,0.08542729452031296,3.7780695010720544,1.3292131651705783,49,0.6088736163269568,0.1080384466822188,0.06417508573910218,0.38,0.28,0.9156418513807676,8.252244897959184,3.28,7.16,0.3602810578186867,2.8380952380952387
fractal_dp2_N0050_Df1.8_kf1.3_rep03,50,fractal_dp2_N0050_Df1.8_kf1.3_rep03,0.713251953125,1.7784504834101735,0.8794090078236267,scale_span_below_half_decade,0.0773880683708693,3.7780872249266184,1.3292178564058734,49,0.3672698074961104,0.2943133681725261,0.08069319157387687,0.3,0.24,0.7735631842325487,9.242448979591837,3.32,6.36,0.3294541095272652,3.069565217391304
fractal_dp2_N0050_Df1.8_kf1.3_rep04,50,fractal_dp2_N0050_Df1.8_kf1.3_rep04,0.6986328125,1.7860503247794972,0.8708072730698189,grid_SD_above_0.10;window_sensitivity_above_0.20,0.16091441678522547,3.778078514854715,1.32921555098479,49,0.4959876696959409,0.15135897774414875,0.09532941482066024,0.4,0.28,0.9789790600416333,8.693061224489796,3.12,6.44,0.36238390424384653,3.146464646464647
fractal_dp2_N0050_Df1.8_kf1.3_rep05,50,fractal_dp2_N0050_Df1.8_kf1.3_rep05,0.6956640625,1.7998518871413653,0.8496234287210053,scale_span_below_half_decade,0.0826520324713768,3.7780331377563328,1.3292035402839244,49,0.46674063733110116,0.2399688634336863,0.042101726181177385,0.34,0.28,0.82365041127896,10.013061224489796,3.4,6.68,0.3326453751456563,3.9646464646464645
fractal_dp2_N0050_Df2.2_kf1.1_rep01,50,fractal_dp2_N0050_Df2.2_kf1.1_rep01,0.62828125,1.9344064347113032,0.8068541567499292,scale_span_below_half_decade,0.07300306027934043,2.807503556360743,1.0322956743654532,49,0.29379714783601496,0.26944623591913136,0.17423179860836094,0.38,0.34,0.8475848040166836,7.698775510204082,4.16,8.52,0.3794112800040348,6.146739130434782
fractal_dp2_N0050_Df2.2_kf1.1_rep02,50,fractal_dp2_N0050_Df2.2_kf1.1_rep02,0.64470703125,1.9492534507840178,0.8160105520200296,scale_span_below_half_decade,0.08779663006707188,2.8075143445583635,1.0322995169881524,49,0.2413958369555127,0.2780248914584168,0.23600670670801693,0.38,0.24,0.9789790600416333,7.883265306122449,3.36,8.08,0.46363176792978994,8.545454545454547
fractal_dp2_N0050_Df2.2_kf1.1_rep03,50,fractal_dp2_N0050_Df2.2_kf1.1_rep03,0.63326171875,2.0189466357447263,0.8042357650435759,scale_span_below_half_decade;grid_SD_above_0.10;window_sensitivity_above_0.20,0.12584463172655255,2.8074952706605703,1.0322927230914005,49,0.2704201678661793,0.3512637508272978,0.14062157107783865,0.34,0.24,0.8708616422830896,8.584489795918367,3.52,8.28,0.36873545192775625,5.497142857142857
fractal_dp2_N0050_Df2.2_kf1.1_rep04,50,fractal_dp2_N0050_Df2.2_kf1.1_rep04,0.644833984375,2.0091565762645236,0.8199399943624305,scale_span_below_half_decade;window_sensitivity_above_0.20,0.08301520663609467,2.8075091164446833,1.0322976548004992,49,0.18665484903733076,0.38703469540660423,0.2356207033157156,0.38,0.3,0.893532316147547,8.955102040816326,3.56,7.72,0.365496209089086,4.54
fractal_dp2_N0050_Df2.2_kf1.1_rep05,50,fractal_dp2_N0050_Df2.2_kf1.1_rep05,0.644541015625,1.9723374394036417,0.8117125826809262,scale_span_below_half_decade,0.05895531710767534,2.807488680097658,1.032290375600127,49,0.16384159657891484,0.4610706091566457,0.22988953805881185,0.38,0.28,0.9156418513807678,8.625306122448979,3.72,7.56,0.3399856894479862,4.05
fractal_dp2_N0050_Df2.6_kf0.8_rep01,50,fractal_dp2_N0050_Df2.6_kf0.8_rep01,0.591240234375,2.0354236056086994,0.7478716149062961,scale_span_below_half_decade;grid_SD_above_0.10,0.10326171415971888,2.4222284775482272,0.8846879749295281,49,0.15367199774335727,0.3756568474594252,0.3087903485019661,0.4,0.32,0.9156418513807676,8.320816326530613,4.64,9.44,0.35525055794446075,7.302631578947368
fractal_dp2_N0050_Df2.6_kf0.8_rep02,50,fractal_dp2_N0050_Df2.6_kf0.8_rep02,0.601806640625,2.081789505834577,0.7635333692550252,scale_span_below_half_decade,0.08437424983171608,2.422207325883974,0.884679242575499,49,0.10150346953258216,0.45841309288875826,0.3789509788205466,0.4,0.28,0.9583318840568751,7.126530612244898,4.08,9.04,0.3907608278612454,9.458333333333332
fractal_dp2_N0050_Df2.6_kf0.8_rep03,50,fractal_dp2_N0050_Df2.6_kf0.8_rep03,0.597314453125,2.11494485871556,0.7543834806893508,scale_span_below_half_decade;grid_SD_above_0.10;window_sensitivity_above_0.20,0.12118975533258246,2.422217263955624,0.8846833454659314,49,0.1222369907961045,0.5126365578784059,0.28882575245343733,0.48,0.36,1.0384603988597734,7.391836734693878,4.36,8.76,0.3421307341539579,7.449999999999999
fractal_dp2_N0050_Df2.6_kf0.8_rep04,50,fractal_dp2_N0050_Df2.6_kf0.8_rep04,0.5945703125,2.0786650360511616,0.7601790940352512,scale_span_below_half_decade;window_sensitivity_above_0.20,0.060578616543996364,2.4222026731730426,0.8846773217178787,49,0.1274086715718561,0.444457936175611,0.3172903211137416,0.42,0.32,0.9583318840568751,7.606530612244898,4.36,9.44,0.3583954314201781,6.75
fractal_dp2_N0050_Df2.6_kf0.8_rep05,50,fractal_dp2_N0050_Df2.6_kf0.8_rep05,0.5932421875,2.0750168625673306,0.7511965379484055,scale_span_below_half_decade;grid_SD_above_0.10;window_sensitivity_above_0.20,0.12131566366126413,2.4222267148424868,0.8846872472085893,49,0.1106498335126892,0.580078676778575,0.28670102707138,0.44,0.3,1.0575443253121828,8.16734693877551,4.04,9.08,0.3273278940662541,4.904761904761905
fractal_dp2_N0100_Df1.8_kf1.3_rep01,100,fractal_dp2_N0100_Df1.8_kf1.3_rep01,0.6516845703125,1.807302017772204,0.9152892445785223,ok,0.07999652625206843,5.568438135935555,1.7171146081431805,99,0.4568250474826244,0.22341155206919952,0.06186343218309213,0.33,0.26,0.871550342780037,15.495757575757576,3.6,6.98,0.39494802318602207,2.0930232558139537
fractal_dp2_N0100_Df1.8_kf1.3_rep02,100,fractal_dp2_N0100_Df1.8_kf1.3_rep02,0.671083984375,1.827827256010979,0.9017628974709632,ok,0.08430710820985826,5.56839521433148,1.7171069000985821,99,0.47637621934718666,0.24827334144634436,0.029346598029018896,0.34,0.31,0.8243785538209978,14.394747474747474,3.56,6.68,0.31818333159900164,1.6752136752136755
fractal_dp2_N0100_Df1.8_kf1.3_rep03,100,fractal_dp2_N0100_Df1.8_kf1.3_rep03,0.6793017578125,1.7927417294699597,0.9235649570120251,ok,0.04011883168635066,5.568398938891263,1.7171075689732567,99,0.37636980286048516,0.2890986190646326,0.07642549391326549,0.34,0.27,0.871550342780037,14.130707070707071,3.2,6.42,0.29732424081464937,0.8190476190476188
fractal_dp2_N0100_Df1.8_kf1.3_rep04,100,fractal_dp2_N0100_Df1.8_kf1.3_rep04,0.6653759765625,1.8314022526524345,0.9095031243303877,ok,0.08526459035245332,5.5684070163864785,1.7171090195678433,99,0.5338867318190206,0.15204421282114092,0.06914898196127395,0.3,0.26,0.7871467461661771,16.63737373737374,3.16,6.6,0.30378693417823366,1.9706959706959708
fractal_dp2_N0100_Df1.8_kf1.3_rep05,100,fractal_dp2_N0100_Df1.8_kf1.3_rep05,0.65400390625,1.8069301301991254,0.9032403423027208,ok,0.03475096262176426,5.568413520563464,1.717110187617012,99,0.5583556774581577,0.14987312766702215,0.055752658291035775,0.3,0.25,0.7997499609252883,15.658181818181818,3.62,7.12,0.34188982205226054,2.3598484848484844
fractal_dp2_N0100_Df2.2_kf1.1_rep01,100,fractal_dp2_N0100_Df2.2_kf1.1_rep01,0.5954296875,1.9872929597019997,0.8585428018047891,ok,0.055656325637020956,3.864350149370847,1.3517935306118718,99,0.212203288530753,0.33057774981111804,0.23573844824005796,0.37,0.29,0.9271461589199407,11.345050505050505,3.84,8.14,0.3904315291730491,3.7435064935064943
fractal_dp2_N0100_Df2.2_kf1.1_rep02,100,fractal_dp2_N0100_Df2.2_kf1.1_rep02,0.59697265625,2.005822236087013,0.8579724319405746,scale_span_below_half_decade,0.08444845704579937,3.864354239655427,1.351794589077657,99,0.18489382150700961,0.37381448069664197,0.2482693148011867,0.39,0.28,0.9693296652842106,12.081414141414141,3.48,7.82,0.40047427093646426,3.4333333333333336
fractal_dp2_N0100_Df2.2_kf1.1_rep03,100,fractal_dp2_N0100_Df2.2_kf1.1_rep03,0.5780078125,2.00552337751947,0.8391247583550367,ok,0.07275508788618125,3.86433156761701,1.3517887220935454,99,0.3779596887641862,0.19210853846670492,0.15403280480839837,0.37,0.27,0.9378699270154683,11.600808080808081,3.92,8.54,0.3700752935505453,3.8609022556390977
fractal_dp2_N0100_Df2.2_kf1.1_rep04,100,fractal_dp2_N0100_Df2.2_kf1.1_rep04,0.5891552734375,2.0438386171524883,0.8371124039351057,ok,0.06685893779338657,3.8643395992232588,1.3517908004860855,99,0.26979779463071196,0.350256037953111,0.1420307735007292,0.34,0.29,0.8482924024179397,14.548282828282828,3.74,8.5,0.3722186357542676,3.3015873015873014
fractal_dp2_N0100_Df2.2_kf1.1_rep05,100,fractal_dp2_N0100_Df2.2_kf1.1_rep05,0.585654296875,1.9847725714696682,0.853008725753442,scale_span_below_half_decade,0.05473084219923842,3.864326399630352,1.3517873847367419,99,0.1670027838170618,0.4061059137923644,0.25809168748592454,0.33,0.25,0.8715503427800371,12.458787878787879,4.08,7.94,0.33170083314560717,0.5866261398176293
fractal_dp2_N0100_Df2.6_kf0.8_rep01,100,fractal_dp2_N0100_Df2.6_kf0.8_rep01,0.5262109375,2.1385777484126143,0.7858802470589362,scale_span_below_half_decade,0.08385319622947066,3.178893326372657,1.1565331256477163,99,0.12145556870867347,0.5319141861867688,0.2812331283119905,0.43,0.29,1.0675204916066012,12.447878787878787,4.58,10.54,0.34166664873668845,5.395833333333332
fractal_dp2_N0100_Df2.6_kf0.8_rep02,100,fractal_dp2_N0100_Df2.6_kf0.8_rep02,0.5219775390625,2.0826572988770358,0.791660587284308,scale_span_below_half_decade,0.07347888166460824,3.1788977439569415,1.1565345153078155,99,0.11868134054898749,0.6094435443907625,0.25762436074386813,0.43,0.27,1.0952625256074453,12.143030303030303,4.98,10.72,0.36298702314382747,7.692671394799055
fractal_dp2_N0100_Df2.6_kf0.8_rep03,100,fractal_dp2_N0100_Df2.6_kf0.8_rep03,0.53158203125,2.1063233740646874,0.7901126010076053,scale_span_below_half_decade,0.07484674579046169,3.1788986279192244,1.156534793379723,99,0.11268146820594827,0.5470022358281615,0.2953961724511982,0.36,0.25,0.958957767578948,11.930909090909092,4.32,9.62,0.3591261716195094,5.943181818181818
fractal_dp2_N0100_Df2.6_kf0.8_rep05,100,fractal_dp2_N0100_Df2.6_kf0.8_rep05,0.52193359375,2.117938892815069,0.7922625597778283,scale_span_below_half_decade,0.08194280166923579,3.1788910318209513,1.1565324038391187,99,0.1352319986699132,0.4020640543620208,0.33008931398629415,0.37,0.29,0.9271461589199408,12.824242424242424,4.76,10.14,0.3822106587827875,7.992063492063492
fractal_dp2_N0200_Df1.8_kf1.3_rep01,200,fractal_dp2_N0200_Df1.8_kf1.3_rep01,0.64067138671875,1.8222157995397756,0.9458184706504581,ok,0.0476829640907718,8.194705897014984,2.103488323451127,199,0.25604674528710936,0.5017254725688735,0.07799043877257132,0.305,0.28,0.7936623967405788,30.417286432160804,3.46,7.15,0.3329582057934941,-2.208791208791209
fractal_dp2_N0200_Df1.8_kf1.3_rep02,200,fractal_dp2_N0200_Df1.8_kf1.3_rep02,0.65091064453125,1.8090351455552696,0.9538732492438214,ok,0.03219898477889714,8.19468688740473,2.1034860037056053,199,0.3571820890868398,0.23978735919658917,0.1316611548691089,0.28,0.26,0.7549172140042907,27.89753768844221,3.27,6.47,0.3407011800476911,1.9714394516374716
fractal_dp2_N0200_Df1.8_kf1.3_rep03,200,fractal_dp2_N0200_Df1.8_kf1.3_rep03,0.64453125,1.7846596067992053,0.9507289883025709,ok,0.055452280916948385,8.194703585361355,2.1034880413599835,199,0.2941369645613461,0.3988643478230151,0.08542992294047128,0.29,0.26,0.7809609465267774,28.086733668341708,3.47,6.91,0.34465631100437527,0.3111111111111109
fractal_dp2_N0200_Df1.8_kf1.3_rep04,200,fractal_dp2_N0200_Df1.8_kf1.3_rep04,0.62140380859375,1.860280566286854,0.928504860990895,ok,0.058477883786245306,8.194721224111445,2.1034901938150323,199,0.5816737207992204,0.12745956533324881,0.06190270218741106,0.335,0.285,0.8601744009211156,26.088190954773868,3.61,7.24,0.3289613369159907,1.004795117698344
fractal_dp2_N0200_Df1.8_kf1.3_rep05,200,fractal_dp2_N0200_Df1.8_kf1.3_rep05,0.64093505859375,1.805453245189982,0.9423019334956941,ok,0.03220142233924153,8.1947155195225,2.1034894976850755,199,0.4360468555901065,0.21447387065660573,0.08463133555541656,0.27,0.215,0.7936623967405788,33.160904522613066,3.47,6.87,0.32753032450989084,-0.07995618838992335
fractal_dp2_N0200_Df2.2_kf1.1_rep01,200,fractal_dp2_N0200_Df2.2_kf1.1_rep01,0.52705810546875,2.039007078442326,0.8617498134816779,ok,0.06188206129929523,5.307939272003859,1.669203675561232,199,0.39880939924779,0.1986564371759852,0.1289261148794202,0.36,0.29,0.9109884741312593,22.878844221105528,4.14,8.94,0.30727865409682575,3.166666666666667
fractal_dp2_N0200_Df2.2_kf1.1_rep02,200,fractal_dp2_N0200_Df2.2_kf1.1_rep02,0.5440234375,2.0564242773189267,0.8805009042552591,ok,0.09569478255780323,5.307920501673747,1.669200139280514,199,0.21740290423638975,0.4639651562120948,0.1435292025485991,0.375,0.29,0.9643132271207318,25.38643216080402,3.95,8.38,0.3258346611832769,0.3637254901960789
fractal_dp2_N0200_Df2.2_kf1.1_rep03,200,fractal_dp2_N0200_Df2.2_kf1.1_rep03,0.53841552734375,2.053362274662583,0.8896771517874573,ok,0.050690771251067225,5.30793183745541,1.669202274913396,199,0.1812921788719305,0.4281187041063255,0.21807073714588254,0.355,0.275,0.9219002115196633,18.71793969849246,4.2,8.75,0.36334051044524646,1.6946640316205528
fractal_dp2_N0200_Df2.2_kf1.1_rep04,200,fractal_dp2_N0200_Df2.2_kf1.1_rep04,0.5382373046875,2.0665182330433787,0.8800950266873587,ok,0.036457740492533086,5.307934794616712,1.669202832034431,199,0.2755517620127922,0.2524500776415365,0.21184921513632643,0.375,0.3,0.9326842981416594,18.253517587939697,4.14,8.65,0.37563360441340915,2.719753086419754
fractal_dp2_N0200_Df2.2_kf1.1_rep05,200,fractal_dp2_N0200_Df2.2_kf1.1_rep05,0.5425439453125,2.0180922448139422,0.8859703448491537,ok,0.03228593068376911,5.30793048141359,1.6692020194387525,199,0.22117745224394925,0.31300447154992667,0.23606408768631804,0.35,0.29,0.8887631855561974,22.065075376884423,3.94,8.45,0.34232699796735455,0.10246679316888052
fractal_dp2_N0200_Df2.6_kf0.8_rep01,200,fractal_dp2_N0200_Df2.6_kf0.8_rep01,0.46573974609375,2.1845193767361546,0.8246151727219911,ok,0.06108776349211045,4.162758002331114,1.4261778359277333,199,0.09805304537358916,0.48516423253831287,0.3701322147643904,0.395,0.305,0.9746281342132495,17.474070351758794,4.5,10.54,0.34258752094375733,4.584868421052631
fractal_dp2_N0200_Df2.6_kf0.8_rep02,200,fractal_dp2_N0200_Df2.6_kf0.8_rep02,0.45849853515625,2.1597528491018263,0.81643793445642,ok,0.05898034405723292,4.162777651381276,1.4261825561165546,199,0.12471070489976621,0.43980131326452954,0.32736092427862906,0.405,0.305,0.9999499987499374,21.030653266331658,4.76,10.94,0.35125295968182735,5.264957264957264
fractal_dp2_N0200_Df2.6_kf0.8_rep03,200,fractal_dp2_N0200_Df2.6_kf0.8_rep03,0.46237060546875,2.209851566324099,0.8187710365048815,ok,0.04888529715652809,4.162769579555558,1.4261806170666653,199,0.1071517373995553,0.5120481530422892,0.3271890772141435,0.375,0.265,0.9848350115628505,19.90859296482412,4.77,10.61,0.3374372753136007,4.16715542521994
fractal_dp2_N0200_Df2.6_kf0.8_rep04,200,fractal_dp2_N0200_Df2.6_kf0.8_rep04,0.46239501953125,2.1575568694036504,0.8172463301242385,ok,0.0666354284517733,4.162764583848014,1.4261794169736872,199,0.1211923919289436,0.4273069456328661,0.3460415053513702,0.38,0.285,0.9643132271207316,21.403065326633165,4.66,10.71,0.33982182285291346,3.5347985347985347
fractal_dp2_N0200_Df2.6_kf0.8_rep05,200,fractal_dp2_N0200_Df2.6_kf0.8_rep05,0.46331298828125,2.1717340431915195,0.8206490569924675,ok,0.07646917379220625,4.162767924475895,1.4261802194755997,199,0.1155883217885213,0.48317881315010625,0.32177648825461724,0.395,0.29,0.9999499987499374,19.402462311557787,4.62,10.74,0.346168420893058,2.4727564102564106
fractal_dp2_N0500_Df1.8_kf1.3_rep01,500,fractal_dp2_N0500_Df1.8_kf1.3_rep01,0.58958203125,1.8521701146758331,0.9677188952279443,ok,0.0341832081439843,13.643348091411543,2.6132520835418136,499,0.5475092189702544,0.12331469149552567,0.08687127223067867,0.34,0.28,0.8899348290745789,46.56534669338677,3.688,7.312,0.3605593107014106,0.6233082023798708
fractal_dp2_N0500_Df1.8_kf1.3_rep02,500,fractal_dp2_N0500_Df1.8_kf1.3_rep02,0.60116015625,1.8004145201394373,0.9695582350298183,ok,0.038335805505133005,13.643372090144556,2.6132538425464027,499,0.42734477144825644,0.2646362200708161,0.05266663634463024,0.332,0.288,0.8625450712861329,49.988344689378756,3.584,7.192,0.32806978703444944,0.9710244912038632
fractal_dp2_N0500_Df1.8_kf1.3_rep03,500,fractal_dp2_N0500_Df1.8_kf1.3_rep03,0.5991201171875,1.792248331646267,0.9683716698502648,ok,0.04132134103128072,13.643354467555486,2.6132525508862225,499,0.5506953749427106,0.15328565332784605,0.057450544243850786,0.318,0.266,0.8555606349055571,58.293298597194386,3.552,7.192,0.3240377890614088,0.7101706619315378
fractal_dp2_N0500_Df1.8_kf1.3_rep04,500,fractal_dp2_N0500_Df1.8_kf1.3_rep04,0.6048466796875,1.8149609909917361,0.9719596708959133,ok,0.03944364741507904,13.643371746780595,2.6132538173793134,499,0.46806279894635583,0.1474971077620792,0.11951909837153415,0.302,0.264,0.8197463022179483,54.920809619238476,3.54,7.14,0.3553229845337375,0.9837115790908468
fractal_dp2_N0500_Df1.8_kf1.3_rep05,500,fractal_dp2_N0500_Df1.8_kf1.3_rep05,0.5856689453125,1.8303908220741762,0.9674909074047586,ok,0.02467713543945693,13.6433535753564,2.6132524854918127,499,0.4858473124575904,0.16836952075484451,0.08710264642472551,0.312,0.276,0.82944800922059,49.398164328657316,3.624,7.188,0.3530668829862594,0.5693277310924367
fractal_dp2_N0500_Df2.2_kf1.1_rep01,500,fractal_dp2_N0500_Df2.2_kf1.1_rep01,0.487404296875,2.0907786984850074,0.9113955278325473,ok,0.049334394965556624,8.06229937877365,2.087198798559417,499,0.2475630418824456,0.4193277448185872,0.1272212039257106,0.358,0.276,0.940204233132355,33.86282164328657,4.068,8.8,0.33817082093556117,1.1579664570230612
fractal_dp2_N0500_Df2.2_kf1.1_rep02,500,fractal_dp2_N0500_Df2.2_kf1.1_rep02,0.480818359375,2.095888752191264,0.9083340511596675,ok,0.028591068596965627,8.062303643740647,2.087199327560595,499,0.2810746975243421,0.33984942466239854,0.13584560863791584,0.352,0.276,0.9295073964202759,36.4892745490982,4.1,8.908,0.3636129391949793,1.5243881856540096
fractal_dp2_N0500_Df2.2_kf1.1_rep03,500,fractal_dp2_N0500_Df2.2_kf1.1_rep03,0.4866826171875,2.046729754559978,0.9198806250439913,ok,0.028285682949780164,8.062296356735933,2.087198423723636,499,0.12772658610036058,0.5261290867387173,0.26963448450312216,0.37,0.298,0.9359401690279138,38.54353507014028,3.98,8.74,0.346596949053483,-1.4360465116279073
fractal_dp2_N0500_Df2.2_kf1.1_rep04,500,fractal_dp2_N0500_Df2.2_kf1.1_rep04,0.4756240234375,2.0802764117678882,0.9172776193329722,ok,0.043909707237549736,8.062303871843909,2.087199355853161,499,0.27696421490351075,0.297184700033515,0.17187210665066863,0.372,0.296,0.9444490457404252,43.38452104208417,4.044,8.94,0.33325825318432295,1.5035173160173176
fractal_dp2_N0500_Df2.2_kf1.1_rep05,500,fractal_dp2_N0500_Df2.2_kf1.1_rep05,0.4784716796875,2.088502129548678,0.9090868608735646,ok,0.033451275227322115,8.062299164825221,2.087198772022517,499,0.3618960881964354,0.19075468539515997,0.17108900108591185,0.366,0.276,0.954978533790158,41.404537074148294,3.972,8.488,0.3668871445571936,0.9046446164672766
fractal_dp2_N0500_Df2.6_kf0.8_rep01,500,fractal_dp2_N0500_Df2.6_kf0.8_rep01,0.38462890625,2.290301923432303,0.8410541718512012,ok,0.03596514644518588,5.93451725477948,1.7807856860473903,499,0.12459666623008492,0.6063431082244731,0.24546174201657522,0.376,0.28,0.979787732113441,35.7691623246493,4.612,10.892,0.3322010023851842,1.2860300618921308
fractal_dp2_N0500_Df2.6_kf0.8_rep02,500,fractal_dp2_N0500_Df2.6_kf0.8_rep02,0.3872646484375,2.2409498464335442,0.8497977022995604,ok,0.03767543817354334,5.934519192338098,1.7807860125370134,499,0.10698614265572304,0.5920006372105139,0.2913773862989139,0.372,0.278,0.9736446990560776,27.84696593186373,4.688,10.832,0.3142074108747701,2.5048872180451127
fractal_dp2_N0500_Df2.6_kf0.8_rep03,500,fractal_dp2_N0500_Df2.6_kf0.8_rep03,0.3880693359375,2.2503278872381496,0.8490615838982132,ok,0.036170265899906844,5.93451626836285,1.7807855198305491,499,0.11019948853250994,0.5899376245812888,0.28415424594576855,0.384,0.288,0.9818268686484395,38.11197595190381,4.912,11.064,0.32777977137108916,3.3661601402688497
fractal_dp2_N0500_Df2.6_kf0.8_rep04,500,fractal_dp2_N0500_Df2.6_kf0.8_rep04,0.38678515625,2.2502817494474137,0.8469873393015644,ok,0.04609044546285332,5.934504640475382,1.7807835604629556,499,0.1062700797914321,0.63216490140631,0.280201682838739,0.404,0.284,1.0468925446291037,33.42606813627255,4.924,11.216,0.325902034851639,2.729914529914529
fractal_dp2_N0500_Df2.6_kf0.8_rep05,500,fractal_dp2_N0500_Df2.6_kf0.8_rep05,0.3866845703125,2.2297136680575225,0.849725218716691,ok,0.03801987437041498,5.934505685029657,1.7807837364766663,499,0.0917402990259707,0.4765277432131818,0.39696125956743933,0.376,0.292,0.9633192617196025,34.51907014028056,4.86,11.004,0.3265977342021575,2.7434782608695656
independent_interpolation_dp1_N0075_Df2_kf1.2_rep01,75,independent_interpolation_dp1_N0075_Df2_kf1.2_rep01,0.6504622395833334,1.884190320542989,0.8749678314789209,ok,0.06434370222700729,3.9338323592423805,1.369614105749891,74,0.3241567289236271,0.23248626143059437,0.17185234301566898,0.36,0.30666666666666664,0.8636871861707546,12.783423423423423,3.3333333333333335,7.253333333333333,0.3788013785997429,3.275862068965517
independent_interpolation_dp1_N0075_Df2_kf1.2_rep02,75,independent_interpolation_dp1_N0075_Df2_kf1.2_rep02,0.6450065104166667,1.9381259101038648,0.874878546693686,scale_span_below_half_decade,0.05456113345871422,3.9338230850351783,1.369611748196928,74,0.2979364352199064,0.2470349266350781,0.18877929516320566,0.4,0.28,1.0062913207527042,11.367207207207207,3.6,7.52,0.3149547094273929,1.2339181286549712
independent_interpolation_dp1_N0075_Df2_kf1.2_rep03,75,independent_interpolation_dp1_N0075_Df2_kf1.2_rep03,0.6394661458333334,1.913801761006166,0.8611649453125483,ok,0.06381088151119828,3.933826693205944,1.3696126654138525,74,0.36947666702325355,0.2401630478623921,0.11977449089312736,0.29333333333333333,0.24,0.7827018731434225,12.296936936936937,3.44,7.12,0.33469821142694967,2.75
independent_interpolation_dp1_N0075_Df2_kf1.2_rep04,75,independent_interpolation_dp1_N0075_Df2_kf1.2_rep04,0.6385677083333333,1.9235365935389268,0.864359686634919,ok,0.06394340201455201,3.933827190944574,1.3696127919416934,74,0.37590354748083554,0.21018786904622258,0.13942941994337688,0.36,0.29333333333333333,0.8789893186053072,11.816216216216215,3.76,7.573333333333333,0.3355524804992692,0.7000000000000002
independent_interpolation_dp1_N0075_Df2_kf1.2_rep05,75,independent_interpolation_dp1_N0075_Df2_kf1.2_rep05,0.63890625,1.8851054608566498,0.8708724032920616,grid_SD_above_0.10;window_sensitivity_above_0.20,0.1353401759048882,3.9338297272663802,1.369613436688111,74,0.29169239236250244,0.31852094144676246,0.13864012959080133,0.4,0.29333333333333333,0.9657236779856968,10.595315315315315,3.8666666666666667,7.733333333333333,0.3465474352110652,3.088709677419355
independent_interpolation_dp1_N0075_Df2.4_kf0.95_rep01,75,independent_interpolation_dp1_N0075_Df2.4_kf0.95_rep01,0.56662109375,2.088334111200351,0.7916190845824376,scale_span_below_half_decade,0.09423811660200297,3.062540343250229,1.1192447490902753,74,0.1854463189443769,0.4330982308172258,0.2081296439085461,0.4266666666666667,0.28,1.0452857132010474,10.434594594594595,4.586666666666667,9.626666666666667,0.3475488493053142,5.586206896551724
independent_interpolation_dp1_N0075_Df2.4_kf0.95_rep02,75,independent_interpolation_dp1_N0075_Df2.4_kf0.95_rep02,0.5798893229166666,2.0780869085728138,0.8036208585991832,scale_span_below_half_decade,0.08997984390885136,3.062538904044892,1.1192442791517556,74,0.15271016910597224,0.46469551746760435,0.2490444803773434,0.3466666666666667,0.28,0.8636871861707546,10.64,4.08,8.213333333333333,0.3274797711401233,4.411764705882353
independent_interpolation_dp1_N0075_Df2.4_kf0.95_rep03,75,independent_interpolation_dp1_N0075_Df2.4_kf0.95_rep03,0.5750325520833334,2.0518140936295928,0.7978330967529683,scale_span_below_half_decade,0.05230136849303523,3.0625425592490476,1.1192454726719325,74,0.1536423937468825,0.4824030282073076,0.23760468555991726,0.41333333333333333,0.25333333333333335,1.03245123640565,9.914234234234234,4.266666666666667,9.36,0.37403946348934974,7.075892857142858
independent_interpolation_dp1_N0075_Df2.4_kf0.95_rep04,75,independent_interpolation_dp1_N0075_Df2.4_kf0.95_rep04,0.5841731770833334,2.0585481595455177,0.8125825615571776,scale_span_below_half_decade,0.06748602246294412,3.0625403502659547,1.1192447513810944,74,0.10624574722792013,0.6651889687006599,0.27175960402435956,0.38666666666666666,0.29333333333333333,0.9377040518675862,9.372252252252252,3.92,8.906666666666666,0.3527538252295767,5.379032258064516
independent_interpolation_dp1_N0075_Df2.4_kf0.95_rep05,75,independent_interpolation_dp1_N0075_Df2.4_kf0.95_rep05,0.5828971354166667,2.0455394064091883,0.8097677319355387,scale_span_below_half_decade,0.07505154779674719,3.062541633429217,1.1192451703675719,74,0.1570883283968625,0.5456997860486585,0.20249809051104772,0.36,0.29333333333333333,0.8789893186053073,10.73009009009009,4.373333333333333,8.56,0.36657679733561094,5.627705627705627
independent_interpolation_dp1_N0150_Df2_kf1.2_rep01,150,independent_interpolation_dp1_N0150_Df2_kf1.2_rep01,0.5968717447916667,1.9367863805888144,0.8935716349679904,ok,0.07193497863628744,5.5767306188988925,1.7186026940889372,149,0.4255671662020968,0.1893757176153528,0.11445695458671985,0.31333333333333335,0.28,0.8081803979035593,19.964653243847874,3.68,7.573333333333333,0.33899875328856904,2.0967032967032964
independent_interpolation_dp1_N0150_Df2_kf1.2_rep02,150,independent_interpolation_dp1_N0150_Df2_kf1.2_rep02,0.6127701822916667,1.9128462147789385,0.9194438202494801,ok,0.0471421888486935,5.57673751811672,1.718603931231993,149,0.19860476631780477,0.4012391419753357,0.20630422906473053,0.32,0.26666666666666666,0.8405289339986393,19.75015659955257,3.493333333333333,7.386666666666667,0.359128667594105,1.8797678275290215
independent_interpolation_dp1_N0150_Df2_kf1.2_rep03,150,independent_interpolation_dp1_N0150_Df2_kf1.2_rep03,0.6198958333333333,1.9048137392182605,0.9062743288752855,ok,0.049574409782537195,5.576740216940882,1.718604415175069,149,0.30954073030899165,0.32400582089582963,0.11548404599808684,0.37333333333333335,0.32,0.9017513823419155,17.9365548098434,3.466666666666667,7.226666666666667,0.3423789557716198,1.8793103448275863
independent_interpolation_dp1_N0150_Df2_kf1.2_rep04,150,independent_interpolation_dp1_N0150_Df2_kf1.2_rep04,0.6063444010416666,1.9086541870068643,0.9012185138851045,ok,0.025594704944085073,5.5767343899453365,1.7186033702996826,149,0.35044500868947437,0.248577186687879,0.1309141258958079,0.31333333333333335,0.29333333333333333,0.7915105109149776,20.06049217002237,3.533333333333333,7.226666666666667,0.3713532211056021,1.9999999999999991
independent_interpolation_dp1_N0150_Df2_kf1.2_rep05,150,independent_interpolation_dp1_N0150_Df2_kf1.2_rep05,0.5990071614583333,1.9220021009904895,0.9043868953372733,ok,0.06101307649089094,5.576743587509898,1.7186050195725964,149,0.35869831684188314,0.19096884505519718,0.17413309439899521,0.35333333333333333,0.28,0.9017513823419155,19.99633109619687,3.7333333333333334,7.746666666666667,0.3180162157844407,1.3140578265204388
independent_interpolation_dp1_N0150_Df2.4_kf0.95_rep01,150,independent_interpolation_dp1_N0150_Df2.4_kf0.95_rep01,0.5216861979166667,2.1015904815905877,0.8253177138887006,ok,0.08620415704101116,4.102321220015112,1.4115529647303195,149,0.22068242324884946,0.4431340354515071,0.14954233650086848,0.38666666666666666,0.29333333333333333,0.9797051710704717,14.695123042505593,4.226666666666667,9.4,0.33506416485156637,5.114102564102564
independent_interpolation_dp1_N0150_Df2.4_kf0.95_rep02,150,independent_interpolation_dp1_N0150_Df2.4_kf0.95_rep02,0.51888671875,2.105897072638481,0.8274151652208688,ok,0.05937289923696718,4.10231809143254,1.4115522020928768,149,0.19726000916355502,0.45407409380906266,0.1777320881396295,0.3933333333333333,0.3,0.9659997699562642,19.059686800894855,4.373333333333333,9.56,0.3268958156422529,3.8127090301003355
independent_interpolation_dp1_N0150_Df2.4_kf0.95_rep03,150,independent_interpolation_dp1_N0150_Df2.4_kf0.95_rep03,0.5184700520833333,2.0991905021827537,0.8335594222649989,ok,0.06591851149592981,4.102323750682688,1.4115535816168723,149,0.1935318692236958,0.37304605711749284,0.23384657902827616,0.42,0.30666666666666664,1.0131578795473533,14.870782997762863,4.413333333333333,9.56,0.3434362366072173,3.4254385964912277
independent_interpolation_dp1_N0150_Df2.4_kf0.95_rep04,150,independent_interpolation_dp1_N0150_Df2.4_kf0.95_rep04,0.5240755208333333,2.0985366522407145,0.8376549815910219,scale_span_below_half_decade,0.05347038122600972,4.102321359958971,1.4115529988436544,149,0.1344961965709257,0.5558876080334181,0.24226820864542795,0.4266666666666667,0.34,0.9999111071601426,15.539418344519015,4.093333333333334,9.786666666666667,0.3820645446864366,2.046153846153846
independent_interpolation_dp1_N0150_Df2.4_kf0.95_rep05,150,independent_interpolation_dp1_N0150_Df2.4_kf0.95_rep05,0.5265885416666667,2.0568298263671667,0.8423214035707262,ok,0.07225872581281488,4.102318691550509,1.4115523483803931,149,0.1866421601428807,0.4735941606563197,0.18434250887296494,0.38,0.29333333333333333,0.945069074489032,15.540492170022372,4.306666666666667,9.373333333333333,0.3796063454707466,5.452736318407961
independent_interpolation_dp1_N0350_Df2_kf1.2_rep01,350,independent_interpolation_dp1_N0350_Df2_kf1.2_rep01,0.5681919642857143,1.9444359664823292,0.9418068348198598,ok,0.02165496662443316,8.530337615160029,2.1436289404577313,349,0.23374893832022026,0.44609542161062665,0.1306049506065308,0.35714285714285715,0.2885714285714286,0.9164973251127227,33.79404011461318,3.702857142857143,7.617142857142857,0.36264876098270127,-0.11267605633802802
independent_interpolation_dp1_N0350_Df2_kf1.2_rep02,350,independent_interpolation_dp1_N0350_Df2_kf1.2_rep02,0.5558468191964285,1.9339915730024553,0.9337582955331283,ok,0.029643898129913644,8.530336104199986,2.143628763329903,349,0.3621942850942421,0.2661883901110034,0.10585935777604256,0.3314285714285714,0.27714285714285714,0.8717610606919627,29.777912402783464,3.7314285714285713,7.857142857142857,0.34061684443189805,1.1860139860139869
independent_interpolation_dp1_N0350_Df2_kf1.2_rep03,350,independent_interpolation_dp1_N0350_Df2_kf1.2_rep03,0.5550348772321428,1.9406669934048189,0.9369864644479149,ok,0.06289892256012956,8.530338145758531,2.143629002659078,349,0.44061705779972926,0.172732659698125,0.1173162353303679,0.3485714285714286,0.2857142857142857,0.9007751763716333,30.40674580433893,3.662857142857143,7.68,0.3702629458338219,1.8881366860090267
independent_interpolation_dp1_N0350_Df2_kf1.2_rep04,350,independent_interpolation_dp1_N0350_Df2_kf1.2_rep04,0.5605357142857142,1.9448686683905827,0.9277923487876766,ok,0.0310873964385401,8.530333057111354,2.143628406123676,349,0.4031867973713501,0.25738166284922526,0.07703219767725634,0.3457142857142857,0.2914285714285714,0.8879970582779001,37.558280802292266,3.6742857142857144,7.76,0.3580420788678947,1.5182472204054944
independent_interpolation_dp1_N0350_Df2_kf1.2_rep05,350,independent_interpolation_dp1_N0350_Df2_kf1.2_rep05,0.5563643973214286,1.9167935113697798,0.9331138770644182,ok,0.041167774127418316,8.530339812328522,2.1436291980288043,349,0.3541178751012919,0.30949725272453377,0.08198621063820882,0.3057142857142857,0.28285714285714286,0.7999795915764198,38.09606221858371,3.7314285714285713,7.782857142857143,0.3781425082290594,0.40025252525252597
independent_interpolation_dp1_N0350_Df2.4_kf0.95_rep01,350,independent_interpolation_dp1_N0350_Df2.4_kf0.95_rep01,0.45723911830357145,2.1549230674874846,0.8629864991663334,ok,0.027026067674181312,5.852368559537306,1.7668464612733656,349,0.15684915316834502,0.4027022165648017,0.28072552879820906,0.37142857142857144,0.2857142857142857,0.9561658126206405,32.74007367990176,4.571428571428571,9.754285714285714,0.347394075183505,-1.5972549019607847
independent_interpolation_dp1_N0350_Df2.4_kf0.95_rep02,350,independent_interpolation_dp1_N0350_Df2.4_kf0.95_rep02,0.45870954241071427,2.1354684958450996,0.8742859644550351,ok,0.05384859234172127,5.852364621763964,1.7668457884219166,349,0.13681102001543277,0.57063507020024,0.23191218367533042,0.35428571428571426,0.28,0.919609500088522,24.293098649201802,4.371428571428571,9.68,0.3383350643746768,3.0803588471082275
independent_interpolation_dp1_N0350_Df2.4_kf0.95_rep03,350,independent_interpolation_dp1_N0350_Df2.4_kf0.95_rep03,0.46500697544642855,2.146604742627986,0.8768264193324696,ok,0.05172324720812515,5.852359052091854,1.766844836725445,349,0.110043870349669,0.41697147795571393,0.3871707603320727,0.3485714285714286,0.26,0.938065747663124,27.694424887433485,4.3028571428571425,9.565714285714286,0.3457274708320619,1.1454194260485657
independent_interpolation_dp1_N0350_Df2.4_kf0.95_rep04,350,independent_interpolation_dp1_N0350_Df2.4_kf0.95_rep04,0.45431919642857144,2.1258806806255213,0.8729574968075572,ok,0.04218032611672608,5.852363689585679,1.7668456291395718,349,0.1628330422313493,0.4052037952286968,0.26683154722468094,0.3514285714285714,0.26857142857142857,0.9227111781957272,26.443143675808432,4.537142857142857,9.948571428571428,0.3002592618830625,2.8406072106261853
independent_interpolation_dp1_N0350_Df2.4_kf0.95_rep05,350,independent_interpolation_dp1_N0350_Df2.4_kf0.95_rep05,0.4577162388392857,2.1210876149660827,0.8729935589316733,ok,0.03433495641479224,5.852365231651108,1.7668458926340003,349,0.14767074541353264,0.3720991652391045,0.3256036518835556,0.38571428571428573,0.28285714285714286,0.9884888487391412,26.847073270568973,4.434285714285714,9.954285714285714,0.32491642763713907,3.0444444444444443
independent_interpolation_dp1.5_N0075_Df2_kf1.2_rep01,75,independent_interpolation_dp1.5_N0075_Df2_kf1.2_rep01,0.63115234375,1.8930796168002575,0.852060399188466,ok,0.07807006618201066,3.933828715702756,1.3696131795433375,74,0.4444504356223936,0.18976929236717197,0.09902691162246753,0.32,0.25333333333333335,0.8322392818307859,10.884324324324325,3.76,7.466666666666667,0.3914341110139816,4.8428571428571425
independent_interpolation_dp1.5_N0075_Df2_kf1.2_rep02,75,independent_interpolation_dp1.5_N0075_Df2_kf1.2_rep02,0.627265625,1.8938303592785228,0.8587700618399176,window_sensitivity_above_0.20,0.08655419815441812,3.933822136207365,1.3696115069995212,74,0.3486377764546912,0.2851139952050968,0.10429114625537401,0.3466666666666667,0.30666666666666664,0.832239281830786,11.347747747747748,3.8133333333333335,8.053333333333333,0.3643663231149232,5.242063492063493
independent_interpolation_dp1.5_N0075_Df2_kf1.2_rep03,75,independent_interpolation_dp1.5_N0075_Df2_kf1.2_rep03,0.6505924479166667,1.9252160078176235,0.8704084630998912,scale_span_below_half_decade,0.07620497528508018,3.9338213569567957,1.369611308909567,74,0.2699504886846452,0.3704455729412218,0.12884298092916519,0.30666666666666664,0.22666666666666666,0.8481090076687601,13.25117117117117,3.3333333333333335,6.586666666666667,0.32429124525507347,1.641711229946524
independent_interpolation_dp1.5_N0075_Df2_kf1.2_rep04,75,independent_interpolation_dp1.5_N0075_Df2_kf1.2_rep04,0.6448111979166666,1.900511989748482,0.8703188099700057,scale_span_below_half_decade,0.056068335113356696,3.9338248380513066,1.369612193823409,74,0.315938695462868,0.21712182451956696,0.19540528005146102,0.3466666666666667,0.25333333333333335,0.8940295794261445,10.515315315315314,3.68,7.093333333333334,0.34082218282120835,3.270833333333334
independent_interpolation_dp1.5_N0075_Df2_kf1.2_rep05,75,independent_interpolation_dp1.5_N0075_Df2_kf1.2_rep05,0.6445638020833333,1.8703408970059616,0.8717292570062182,ok,0.04932112284937729,3.9338225322391533,1.369611607673053,74,0.2670721842908652,0.2858645576583396,0.19349334780116959,0.37333333333333335,0.28,0.9233754503029752,13.446486486486487,3.6,7.306666666666667,0.32920638632516247,2.060185185185185
independent_interpolation_dp1.5_N0075_Df2.4_kf0.95_rep01,75,independent_interpolation_dp1.5_N0075_Df2.4_kf0.95_rep01,0.5767578125,2.10950374303058,0.8001013684911781,scale_span_below_half_decade,0.04143807522846173,3.062549427196759,1.1192477152334244,74,0.16383473851582164,0.40390835182192,0.2657755403595472,0.32,0.25333333333333335,0.832239281830786,11.202882882882882,4.426666666666667,8.533333333333333,0.36174490321219455,5.6607142857142865
independent_interpolation_dp1.5_N0075_Df2.4_kf0.95_rep02,75,independent_interpolation_dp1.5_N0075_Df2.4_kf0.95_rep02,0.5781184895833333,2.041232726817159,0.8017121647257897,scale_span_below_half_decade,0.07194016790226708,3.062546688404208,1.1192468209478494,74,0.14187568354999558,0.6274298909690779,0.20399334158033752,0.38666666666666666,0.28,0.9657236779856969,10.283963963963965,4.213333333333333,9.066666666666666,0.3317798286081905,4.8484848484848495
independent_interpolation_dp1.5_N0075_Df2.4_kf0.95_rep03,75,independent_interpolation_dp1.5_N0075_Df2.4_kf0.95_rep03,0.57837890625,1.9915102828602873,0.8006076075377577,scale_span_below_half_decade;grid_SD_above_0.10;window_sensitivity_above_0.20,0.10797806840944614,3.0625519156985654,1.1192485277919983,74,0.13474197433938007,0.680526345719236,0.20560226378301402,0.4666666666666667,0.28,1.131056536557253,10.369009009009009,4.4,9.386666666666667,0.3487613671538295,5.430555555555555
independent_interpolation_dp1.5_N0075_Df2.4_kf0.95_rep04,75,independent_interpolation_dp1.5_N0075_Df2.4_kf0.95_rep04,0.5805989583333333,2.044055124227851,0.8042684800465301,scale_span_below_half_decade,0.05748604427040366,3.0625374874961944,1.119243816611011,74,0.1665168886464019,0.4417232169451335,0.23609240295212514,0.37333333333333335,0.26666666666666666,0.9377040518675861,11.177657657657658,4.16,9.04,0.35693824807688196,5.135714285714286
independent_interpolation_dp1.5_N0075_Df2.4_kf0.95_rep05,75,independent_interpolation_dp1.5_N0075_Df2.4_kf0.95_rep05,0.5831119791666667,2.0462522153305085,0.8146278376153255,scale_span_below_half_decade,0.08149975953397566,3.062536542724327,1.1192435081178034,74,0.12633578398363132,0.573357611403595,0.2529525666580841,0.41333333333333333,0.25333333333333335,1.03245123640565,9.871711711711711,4.08,8.933333333333334,0.42491465210408236,7.537878787878788
independent_interpolation_dp1.5_N0150_Df2_kf1.2_rep01,150,independent_interpolation_dp1.5_N0150_Df2_kf1.2_rep01,0.6061588541666667,1.904307332792963,0.9102466773628131,ok,0.063552467743981,5.576743249163078,1.7186049589015568,149,0.22522168377087226,0.3822909820886088,0.17868705975614294,0.32666666666666666,0.26666666666666666,0.8562450324267905,20.554988814317674,3.8,7.613333333333333,0.35562446062780806,1.6321678321678323
independent_interpolation_dp1.5_N0150_Df2_kf1.2_rep02,150,independent_interpolation_dp1.5_N0150_Df2_kf1.2_rep02,0.5986555989583333,1.9507715696792374,0.8892722171750208,ok,0.04119101671495691,5.576737914440833,1.7186040022993685,149,0.44444323171885514,0.2156763202443087,0.07722250752269853,0.38,0.29333333333333333,0.9520971005569174,17.209217002237136,3.84,7.973333333333334,0.3195730490876889,1.5119402985074633
independent_interpolation_dp1.5_N0150_Df2_kf1.2_rep03,150,independent_interpolation_dp1.5_N0150_Df2_kf1.2_rep03,0.5975227864583333,1.936951315429311,0.8985689420853955,ok,0.06482429970906596,5.576730456302433,1.7186026649327033,149,0.4116112418790152,0.22995964084766332,0.09148796598886337,0.3466666666666667,0.26666666666666666,0.9017513823419155,19.620581655480983,3.7466666666666666,7.546666666666667,0.35575160278878354,2.041666666666667
independent_interpolation_dp1.5_N0150_Df2_kf1.2_rep04,150,independent_interpolation_dp1.5_N0150_Df2_kf1.2_rep04,0.603583984375,1.9366771370064697,0.9018922863228394,ok,0.05767715871625092,5.576740315915802,1.7186044329228778,149,0.33964669582265006,0.28528843082170297,0.11277686932983534,0.3466666666666667,0.2866666666666667,0.8792926450025358,16.521879194630873,3.7866666666666666,7.666666666666667,0.34068761781147366,1.1527514231499048
independent_interpolation_dp1.5_N0150_Df2_kf1.2_rep05,150,independent_interpolation_dp1.5_N0150_Df2_kf1.2_rep05,0.5991927083333334,1.9194556322349154,0.8924207928577135,ok,0.05684203486405813,5.576733245608968,1.71860316510137,149,0.41125520343345023,0.24993633600199788,0.0761288368244585,0.32666666666666666,0.2733333333333333,0.8484233743964285,19.38854586129754,3.6533333333333333,7.506666666666667,0.34729572233244405,1.8029891304347831
independent_interpolation_dp1.5_N0150_Df2.4_kf0.95_rep01,150,independent_interpolation_dp1.5_N0150_Df2.4_kf0.95_rep01,0.522255859375,2.0861087288404296,0.8413029370506616,ok,0.021259005609385234,4.102328370180745,1.4115547076848614,149,0.16461737008769572,0.35808578259311347,0.30010726220573325,0.35333333333333333,0.24666666666666667,0.9450690744890321,18.288232662192392,4.226666666666667,9.32,0.3100641789170312,2.1999999999999993
independent_interpolation_dp1.5_N0150_Df2.4_kf0.95_rep02,150,independent_interpolation_dp1.5_N0150_Df2.4_kf0.95_rep02,0.519794921875,2.062896180291545,0.8404527572526916,ok,0.05462204580211986,4.102310817485344,1.4115504289603498,149,0.21657423653806107,0.30100961825389283,0.2539784070809826,0.3466666666666667,0.26666666666666666,0.9017513823419155,15.172438478747203,4.546666666666667,9.64,0.3812914525364362,5.885281385281385
independent_interpolation_dp1.5_N0150_Df2.4_kf0.95_rep03,150,independent_interpolation_dp1.5_N0150_Df2.4_kf0.95_rep03,0.5263444010416667,2.112414931174779,0.8367186208761689,ok,0.02904911432078963,4.102321102755291,1.4115529361465458,149,0.14229206732854693,0.4490308643117408,0.2799133220913558,0.37333333333333335,0.2866666666666667,0.9379883913046165,15.27069351230425,4.0,9.08,0.3474595424971101,2.495475113122171
independent_interpolation_dp1.5_N0150_Df2.4_kf0.95_rep04,150,independent_interpolation_dp1.5_N0150_Df2.4_kf0.95_rep04,0.518115234375,2.073830944564551,0.835063472531775,ok,0.06516926463960157,4.102329962440422,1.4115550958203844,149,0.18433960602170096,0.43111400380454185,0.2111377583363349,0.37333333333333335,0.26,0.9797051710704717,16.461565995525728,4.24,9.666666666666666,0.32200324220493115,1.8681318681318668
independent_interpolation_dp1.5_N0150_Df2.4_kf0.95_rep05,150,independent_interpolation_dp1.5_N0150_Df2.4_kf0.95_rep05,0.5274641927083333,2.133923292497077,0.8404353625171899,ok,0.03924463474095364,4.102325217225716,1.4115539391076155,149,0.14675265177463948,0.48136206743353194,0.25174657285978996,0.3466666666666667,0.2733333333333333,0.8943278046791469,16.31131991051454,4.04,9.306666666666667,0.3444985327787435,5.386029411764706
independent_interpolation_dp1.5_N0350_Df2_kf1.2_rep01,350,independent_interpolation_dp1.5_N0350_Df2_kf1.2_rep01,0.5635239955357143,1.9275969274847216,0.9418802271467649,ok,0.025090785825542708,8.530343741880817,2.143629658684707,349,0.27348842730959755,0.3344771964130456,0.1484018730254406,0.30857142857142855,0.2742857142857143,0.8176422050690657,33.75572656569791,3.857142857142857,7.8742857142857146,0.343221936981856,1.5233682514101536
independent_interpolation_dp1.5_N0350_Df2_kf1.2_rep02,350,independent_interpolation_dp1.5_N0350_Df2_kf1.2_rep02,0.5555482700892858,1.9537773852405262,0.9288095972054288,ok,0.05094676028027101,8.530333569205506,2.1436284661558145,349,0.46524196618754254,0.18563482576042314,0.08688096888090875,0.2914285714285714,0.2571428571428571,0.8035431741064455,34.40551780597626,3.7542857142857144,7.7542857142857144,0.3287776857932892,0.9228642257818462
independent_interpolation_dp1.5_N0350_Df2_kf1.2_rep03,350,independent_interpolation_dp1.5_N0350_Df2_kf1.2_rep03,0.564150390625,1.9859197006993945,0.9377332852470028,ok,0.045988003048922636,8.53034825963735,2.1436301882947055,349,0.228190781174626,0.4944680975859816,0.1151446857015324,0.3485714285714286,0.30857142857142855,0.8750323609176185,33.476348751535,3.617142857142857,7.457142857142857,0.3193435450431399,-0.03304502106897278
independent_interpolation_dp1.5_N0350_Df2_kf1.2_rep04,350,independent_interpolation_dp1.5_N0350_Df2_kf1.2_rep04,0.5594154575892857,1.9398432474944727,0.9394765601442105,ok,0.051626223634587035,8.530339763443804,2.143629192298116,349,0.34494452696731104,0.29713373782318747,0.09908595443218023,0.32285714285714284,0.26571428571428574,0.8651813541161206,35.3890953745395,3.657142857142857,7.662857142857143,0.34767224814189274,1.3120567375886525
independent_interpolation_dp1.5_N0350_Df2_kf1.2_rep05,350,independent_interpolation_dp1.5_N0350_Df2_kf1.2_rep05,0.5618973214285714,1.9404945872210015,0.9357563663504912,ok,0.060421124788916834,8.53033459319325,2.1436285861965696,349,0.3214498002971352,0.3449512264335282,0.089617788932749,0.31142857142857144,0.26857142857142857,0.8315022058704036,33.71083094555874,3.6228571428571428,7.634285714285714,0.37003916865475184,1.235217163788593
independent_interpolation_dp1.5_N0350_Df2.4_kf0.95_rep01,350,independent_interpolation_dp1.5_N0350_Df2.4_kf0.95_rep01,0.4626869419642857,2.1404095458875663,0.8820525551063985,ok,0.06531064753153311,5.852357935301742,1.7668446458980867,349,0.12195205675761911,0.5034816220083481,0.29429899142127836,0.36,0.28,0.9411066000475512,28.726107245190338,4.251428571428572,9.565714285714286,0.3403571345868347,0.7772108843537424
independent_interpolation_dp1.5_N0350_Df2.4_kf0.95_rep02,350,independent_interpolation_dp1.5_N0350_Df2.4_kf0.95_rep02,0.46080636160714283,2.1578992495333447,0.8762879774822532,ok,0.02331721539709267,5.852365064824787,1.7668458641282054,349,0.13014691346439244,0.5665233469336255,0.24730253611231492,0.3942857142857143,0.3,0.9999836733361078,24.949783053622596,4.445714285714286,9.862857142857143,0.3458937211366698,1.1728019470641922
independent_interpolation_dp1.5_N0350_Df2.4_kf0.95_rep03,350,independent_interpolation_dp1.5_N0350_Df2.4_kf0.95_rep03,0.4544642857142857,2.157945643413941,0.8646156768563732,ok,0.040853545076139364,5.852359593052654,1.7668449291600976,349,0.20977569387492656,0.4548719616291491,0.15878764231774017,0.38285714285714284,0.29714285714285715,0.9650885546763815,27.44771182971756,4.3428571428571425,9.88,0.3336337001147386,2.113247863247862
independent_interpolation_dp1.5_N0350_Df2.4_kf0.95_rep04,350,independent_interpolation_dp1.5_N0350_Df2.4_kf0.95_rep04,0.46677734375,2.155853873667811,0.8784618518473473,ok,0.01927864995744354,5.852364052591003,1.7668456911667,349,0.11264349310627708,0.4400068969064195,0.359848066937902,0.36857142857142855,0.2885714285714286,0.9501707687547111,28.502431436758084,4.16,9.24,0.3361127088432756,1.5493107104984087
independent_interpolation_dp1.5_N0350_Df2.4_kf0.95_rep05,350,independent_interpolation_dp1.5_N0350_Df2.4_kf0.95_rep05,0.4638657924107143,2.14692825152147,0.8775595807732992,ok,0.03486894610500103,5.852365853391532,1.766845998871456,349,0.11737529209120723,0.41915975092022567,0.36331880413751055,0.37714285714285717,0.2742857142857143,0.9797792337760459,33.060319279574294,4.354285714285714,9.497142857142856,0.342607012931644,-0.19576719576719626
independent_interpolation_dp2_N0075_Df2_kf1.2_rep01,75,independent_interpolation_dp2_N0075_Df2_kf1.2_rep01,0.64451171875,1.8986107553596752,0.8640165948600245,ok,0.0624073014260063,3.933841834275543,1.369616514348145,74,0.3410595974827948,0.22943708996860623,0.15659399012035644,0.32,0.25333333333333335,0.832239281830786,11.568288288288288,3.44,7.04,0.2787760414153584,2.1809954751131233
independent_interpolation_dp2_N0075_Df2_kf1.2_rep02,75,independent_interpolation_dp2_N0075_Df2_kf1.2_rep02,0.6391341145833334,1.8655625202938524,0.8661391127675282,scale_span_below_half_decade,0.04341214451631509,3.9338178008039746,1.369610404914671,74,0.19660336685270452,0.6467502585930816,0.10799040627241549,0.37333333333333335,0.25333333333333335,0.9518169758706531,10.73873873873874,4.053333333333334,8.053333333333333,0.3134084532344894,3.222972972972973
independent_interpolation_dp2_N0075_Df2_kf1.2_rep03,75,independent_interpolation_dp2_N0075_Df2_kf1.2_rep03,0.6504361979166666,1.8730563866229641,0.8706299730822565,scale_span_below_half_decade,0.08052064363744141,3.933834533414819,1.3696146584353233,74,0.1976730826857226,0.5916856654332912,0.12130613027279173,0.37333333333333335,0.28,0.9233754503029752,11.125045045045045,3.546666666666667,7.226666666666667,0.3460872999207074,2.375
independent_interpolation_dp2_N0075_Df2_kf1.2_rep04,75,independent_interpolation_dp2_N0075_Df2_kf1.2_rep04,0.6422200520833333,1.96582629432862,0.8553428513350252,ok,0.03920025381367321,3.9338324601042975,1.369614131389498,74,0.39663597376314663,0.2739044509045199,0.07022270328469371,0.3466666666666667,0.29333333333333333,0.8481090076687602,11.587747747747748,3.493333333333333,6.96,0.37055969090038926,2.3125
independent_interpolation_dp2_N0075_Df2_kf1.2_rep05,75,independent_interpolation_dp2_N0075_Df2_kf1.2_rep05,0.65712890625,1.8542510517997135,0.8821731482033731,scale_span_below_half_decade,0.05124730932959455,3.9338508398013334,1.3696188035900265,74,0.17777512516307148,0.6500079326456857,0.13576449660522785,0.3466666666666667,0.24,0.9088209700241052,10.655135135135135,3.493333333333333,6.96,0.3727813804821933,2.4318181818181817
independent_interpolation_dp2_N0075_Df2.4_kf0.95_rep01,75,independent_interpolation_dp2_N0075_Df2.4_kf0.95_rep01,0.58267578125,2.017382614718112,0.8044614697413368,scale_span_below_half_decade;grid_SD_above_0.10,0.1019581781145791,3.0625428740435003,1.1192455754605242,74,0.12322857478030924,0.577141818164014,0.2584030169157077,0.37333333333333335,0.25333333333333335,0.9518169758706531,10.952792792792792,4.1866666666666665,9.066666666666666,0.3544697292115868,4.193693693693693
independent_interpolation_dp2_N0075_Df2.4_kf0.95_rep02,75,independent_interpolation_dp2_N0075_Df2.4_kf0.95_rep02,0.5759765625,2.032800444512814,0.8062545665861307,scale_span_below_half_decade;window_sensitivity_above_0.20,0.06296965936406466,3.0625417057034436,1.1192451939669983,74,0.15500790214305304,0.48311812159173695,0.23461501609536284,0.37333333333333335,0.30666666666666664,0.8940295794261446,9.38018018018018,3.92,8.88,0.33353617722317885,4.520833333333334
independent_interpolation_dp2_N0075_Df2.4_kf0.95_rep03,75,independent_interpolation_dp2_N0075_Df2.4_kf0.95_rep03,0.5805924479166666,2.0893220383487336,0.7965490481686612,scale_span_below_half_decade,0.08700147963941247,3.062519881963181,1.119238067919382,74,0.1309459460797946,0.5429987107459097,0.25505801634859404,0.36,0.29333333333333333,0.8789893186053072,10.556396396396396,3.8666666666666667,9.146666666666667,0.35782347237008255,6.003571428571429
independent_interpolation_dp2_N0075_Df2.4_kf0.95_rep04,75,independent_interpolation_dp2_N0075_Df2.4_kf0.95_rep04,0.58232421875,2.0431466888322753,0.8146415684062905,scale_span_below_half_decade,0.07201441181609183,3.0625681504467157,1.1192538288303373,74,0.18455604863388697,0.4069230501529874,0.22578656555354717,0.38666666666666666,0.30666666666666664,0.9233754503029752,9.47027027027027,4.266666666666667,8.88,0.36034159110279607,5.0285714285714285
independent_interpolation_dp2_N0075_Df2.4_kf0.95_rep05,75,independent_interpolation_dp2_N0075_Df2.4_kf0.95_rep05,0.5793424479166667,2.0406863544953975,0.8039361351478275,scale_span_below_half_decade;window_sensitivity_above_0.20,0.09058845816437504,3.062541938905518,1.1192452701135744,74,0.09148861155772292,0.644677386925797,0.31553629673276135,0.4,0.29333333333333333,0.9657236779856969,9.758558558558558,4.373333333333333,8.88,0.36546682261302904,5.239583333333334
independent_interpolation_dp2_N0150_Df2_kf1.2_rep01,150,independent_interpolation_dp2_N0150_Df2_kf1.2_rep01,0.6030078125,1.928736221330164,0.900088995892458,ok,0.020490988646650304,5.576760931802739,1.7186081296789868,149,0.40985916194870453,0.23401455341893668,0.08967183342967856,0.3466666666666667,0.2866666666666667,0.8792926450025358,17.069261744966443,3.506666666666667,7.346666666666667,0.3752419473920949,1.7627118644067794
independent_interpolation_dp2_N0150_Df2_kf1.2_rep02,150,independent_interpolation_dp2_N0150_Df2_kf1.2_rep02,0.6065364583333334,1.8953536331861125,0.9067767058590963,ok,0.06147202035129611,5.57674487008847,1.718605249559578,149,0.3345380777466668,0.2624203818372222,0.13549910528752476,0.35333333333333333,0.2733333333333333,0.9164181481301111,17.413691275167785,3.8133333333333335,7.666666666666667,0.34498842478047603,1.751344086021505
independent_interpolation_dp2_N0150_Df2_kf1.2_rep03,150,independent_interpolation_dp2_N0150_Df2_kf1.2_rep03,0.5960970052083333,1.9203949206367639,0.9127738552909164,ok,0.0797290409759125,5.576732121518615,1.7186029635334599,149,0.29710023509793704,0.3106407509971565,0.13829011125959903,0.3466666666666667,0.25333333333333335,0.9236642006462931,18.089127516778525,3.96,7.76,0.3710146810802392,4.0052941176470584
independent_interpolation_dp2_N0150_Df2_kf1.2_rep04,150,independent_interpolation_dp2_N0150_Df2_kf1.2_rep04,0.59775390625,1.9620553941090062,0.8896104877107691,ok,0.029096636626828522,5.576737445309085,1.7186039181763964,149,0.40942915452857065,0.22757019843826803,0.09521394365933346,0.36,0.29333333333333333,0.9017513823419155,21.886711409395975,3.7466666666666666,7.92,0.33038693731358015,0.46583850931676984
independent_interpolation_dp2_N0150_Df2_kf1.2_rep05,150,independent_interpolation_dp2_N0150_Df2_kf1.2_rep05,0.5993684895833333,1.8976386328418042,0.9079140169594759,ok,0.05671477797737636,5.576731912708344,1.7186029260903355,149,0.28519184161490463,0.3879948833344167,0.10112686081190064,0.32666666666666666,0.2733333333333333,0.8484233743964285,20.60599552572707,3.9466666666666668,7.933333333333334,0.38196027486936174,4.217668488160291
independent_interpolation_dp2_N0150_Df2.4_kf0.95_rep01,150,independent_interpolation_dp2_N0150_Df2.4_kf0.95_rep01,0.5232291666666666,2.102159909832484,0.8407050519480943,scale_span_below_half_decade,0.062013294850618815,4.102304870266006,1.4115489792350817,149,0.11740878798662602,0.5840811055009689,0.2690956380610657,0.38,0.2866666666666667,0.959073627112237,16.545682326621925,4.173333333333333,9.293333333333333,0.3408509994701213,1.6304347826086953
independent_interpolation_dp2_N0150_Df2.4_kf0.95_rep02,150,independent_interpolation_dp2_N0150_Df2.4_kf0.95_rep02,0.523701171875,2.1152920495856296,0.8452633176802828,ok,0.05798428816662257,4.102315718300841,1.4115516236071688,149,0.1552915809067299,0.4677847013036619,0.24228004713409537,0.38666666666666666,0.29333333333333333,0.9659997699562644,14.260671140939598,4.08,9.333333333333334,0.35721427857285676,4.077260755048289
independent_interpolation_dp2_N0150_Df2.4_kf0.95_rep03,150,independent_interpolation_dp2_N0150_Df2.4_kf0.95_rep03,0.5174609375,2.1386590177234415,0.8310687749618485,scale_span_below_half_decade;window_sensitivity_above_0.20,0.09710441723251505,4.102307358055487,1.4115495856719034,149,0.15411064734029045,0.5064185196141413,0.22482868879494594,0.37333333333333335,0.2866666666666667,0.9520971005569174,15.669261744966443,4.32,9.773333333333333,0.3620706884180692,4.85
independent_interpolation_dp2_N0150_Df2.4_kf0.95_rep04,150,independent_interpolation_dp2_N0150_Df2.4_kf0.95_rep04,0.5225227864583334,2.0981362796273637,0.8391457592391416,ok,0.03769522351797222,4.102316210456099,1.4115517435772693,149,0.1801685438095304,0.37061470309963945,0.25925619350165563,0.36666666666666664,0.2733333333333333,0.9379883913046165,14.636868008948547,4.266666666666667,9.48,0.370996225057034,4.784848484848485
independent_interpolation_dp2_N0150_Df2.4_kf0.95_rep05,150,independent_interpolation_dp2_N0150_Df2.4_kf0.95_rep05,0.5265885416666667,2.0915913481560344,0.8497845972778166,scale_span_below_half_decade,0.01602307188074608,4.102309042078106,1.4115499961780227,149,0.09204170879303708,0.46917723410384865,0.4016819243104211,0.36666666666666664,0.3,0.9308538493710432,16.833288590604027,4.1466666666666665,9.28,0.35763742580898694,3.708333333333333
independent_interpolation_dp2_N0350_Df2_kf1.2_rep01,350,independent_interpolation_dp2_N0350_Df2_kf1.2_rep01,0.5700864955357143,1.9203558435295616,0.9437176135497439,ok,0.02646001961612279,8.530312054997522,2.143625944069786,349,0.332900486063604,0.222727875728165,0.17121160604565377,0.3028571428571429,0.26857142857142857,0.8106233429168153,31.279443307408922,3.5485714285714285,7.177142857142857,0.3836051377920214,2.1602564102564097
independent_interpolation_dp2_N0350_Df2_kf1.2_rep02,350,independent_interpolation_dp2_N0350_Df2_kf1.2_rep02,0.5539801897321428,1.9277433868501233,0.9324365140860542,ok,0.031515183889932796,8.530352233382153,2.143630654130772,349,0.42054511552719687,0.2289734723160645,0.08506258338754191,0.35428571428571426,0.2857142857142857,0.9133745459692261,32.364568153909126,3.8971428571428572,8.137142857142857,0.36759068674882345,3.037870762711865
independent_interpolation_dp2_N0350_Df2_kf1.2_rep03,350,independent_interpolation_dp2_N0350_Df2_kf1.2_rep03,0.5624358258928571,1.9370865794067365,0.9404103110072609,ok,0.03187419366116785,8.530332226133222,2.1436283087091708,349,0.24884690234515217,0.2822301859182428,0.22136032110591392,0.3514285714285714,0.29428571428571426,0.9039414826644658,36.81147769136308,3.7142857142857144,7.6971428571428575,0.3603011609939239,1.523219814241486
independent_interpolation_dp2_N0350_Df2_kf1.2_rep04,350,independent_interpolation_dp2_N0350_Df2_kf1.2_rep04,0.5555831473214285,1.9392668051499102,0.9386014290588144,ok,0.03910883876560237,8.530342855300912,2.143629554752207,349,0.315391301376743,0.31896219543161347,0.11289286854386635,0.3457142857142857,0.27714285714285714,0.9039414826644658,35.30729431027425,3.7485714285714287,7.977142857142857,0.3459662916195556,0.7103386809269168
independent_interpolation_dp2_N0350_Df2_kf1.2_rep05,350,independent_interpolation_dp2_N0350_Df2_kf1.2_rep05,0.5685602678571429,1.937857859698503,0.9360438448348101,ok,0.023739406532539108,8.530325442886806,2.1436275135175027,349,0.25442564866572637,0.4417606319693024,0.10714482927899825,0.3314285714285714,0.28,0.8684774385235865,37.190290626279165,3.645714285714286,7.48,0.35481710870443345,-0.255453905700211
independent_interpolation_dp2_N0350_Df2.4_kf0.95_rep01,350,independent_interpolation_dp2_N0350_Df2.4_kf0.95_rep01,0.4586760602678571,2.164579347850595,0.8672361639713181,ok,0.053833655208461846,5.852362496877466,1.7668454253401502,349,0.18651200191367956,0.4338018390931158,0.20595932513186727,0.38285714285714284,0.29428571428571426,0.9768587724049419,28.18225133033156,4.462857142857143,9.90857142857143,0.35378825006564035,2.8571071071071064
independent_interpolation_dp2_N0350_Df2.4_kf0.95_rep02,350,independent_interpolation_dp2_N0350_Df2.4_kf0.95_rep02,0.46145647321428573,2.144094885324224,0.8825020752748355,ok,0.029180238105634266,5.852371312097845,1.766846931605995,349,0.11612285917137588,0.4126351265608584,0.37262263880810975,0.38857142857142857,0.2914285714285714,0.9855941955832263,29.199017601309865,4.434285714285714,9.914285714285715,0.3507099233792807,2.2945906432748533
independent_interpolation_dp2_N0350_Df2.4_kf0.95_rep03,350,independent_interpolation_dp2_N0350_Df2.4_kf0.95_rep03,0.45958426339285713,2.1453168957741453,0.8780136069816735,ok,0.03190602355728721,5.852357007511401,1.7668444873653337,349,0.13767066357108437,0.4174361839327191,0.3121218495486238,0.3657142857142857,0.29428571428571426,0.9288834640555932,29.630012279983628,4.182857142857143,9.674285714285714,0.34357912876414115,2.8783251231527096
independent_interpolation_dp2_N0350_Df2.4_kf0.95_rep04,350,independent_interpolation_dp2_N0350_Df2.4_kf0.95_rep04,0.454931640625,2.1544038692027008,0.8692654951846038,ok,0.042911905351542885,5.852359282505138,1.766844876096454,349,0.1853665309805237,0.3681845437610269,0.2516655852157886,0.37142857142857144,0.2885714285714286,0.9471590173152726,28.608907081457225,4.4,9.84,0.33893413683475904,2.635416666666666
independent_interpolation_dp2_N0350_Df2.4_kf0.95_rep05,350,independent_interpolation_dp2_N0350_Df2.4_kf0.95_rep05,0.455634765625,2.152737921255921,0.8748417683149936,ok,0.04372451147360118,5.852355454959829,1.7668442220787532,349,0.16314159162734498,0.38592639170365745,0.2804271219445948,0.37714285714285717,0.3,0.9441376585897562,26.09293491608678,4.2457142857142856,9.822857142857142,0.3295221556060518,3.345070422535212
independent_extrapolation_dp1_N0750_Df1.8_kf1.3_rep01,750,independent_extrapolation_dp1_N0750_Df1.8_kf1.3_rep01,0.594927734375,1.8157795086562993,0.978574057703454,ok,0.02881719091093765,17.092791162328552,2.838656805168759,749,0.29296520884128296,0.37139146676890683,0.10252661807503342,0.30933333333333335,0.27066666666666667,0.8310592972559513,65.35318202047173,3.5653333333333332,7.133333333333334,0.34402172559450395,-0.9591549295774646
independent_extrapolation_dp1_N0750_Df1.8_kf1.3_rep02,750,independent_extrapolation_dp1_N0750_Df1.8_kf1.3_rep02,0.5824947916666666,1.8356953619061114,0.9722695445069158,ok,0.026578916030043354,17.09278802449624,2.8386566215923867,749,0.6474306760711157,0.09638735981140265,0.05392343272836639,0.31333333333333335,0.2786666666666667,0.8326621296914026,76.39104227859369,3.525333333333333,7.085333333333334,0.3549817914648324,1.2130881659594532
independent_extrapolation_dp1_N0750_Df1.8_kf1.3_rep03,750,independent_extrapolation_dp1_N0750_Df1.8_kf1.3_rep03,0.590595703125,1.8166707155295487,0.9739515176618189,ok,0.05684992343433462,17.09278878525585,2.838656666100023,749,0.5012697176064429,0.1881437817065586,0.05942070302524734,0.30266666666666664,0.2733333333333333,0.8099338793314482,66.91170449488206,3.3653333333333335,6.944,0.35445572525156394,1.003249219343405
independent_extrapolation_dp1_N0750_Df1.8_kf1.3_rep04,750,independent_extrapolation_dp1_N0750_Df1.8_kf1.3_rep04,0.5928841145833333,1.8331797502123568,0.9782166757908859,ok,0.024555022222538286,17.092788461220557,2.838656647142596,749,0.4027603031335537,0.23377372889560857,0.09573964302633614,0.31866666666666665,0.27466666666666667,0.8516608610369637,64.3396671117045,3.512,7.045333333333334,0.32026676255291,0.8672347881490916
independent_extrapolation_dp1_N0750_Df1.8_kf1.3_rep05,750,independent_extrapolation_dp1_N0750_Df1.8_kf1.3_rep05,0.5864095052083333,1.8323028291213548,0.9757362986930604,ok,0.03426834171305795,17.09278893518631,2.838656674871585,749,0.4303361298756089,0.1981837614907967,0.10285605815181521,0.31333333333333335,0.2733333333333333,0.8374522208593289,72.36219670672007,3.4266666666666667,7.013333333333334,0.3415657309773922,-0.4332325522801712
independent_extrapolation_dp1_N0750_Df2.2_kf1.1_rep01,750,independent_extrapolation_dp1_N0750_Df2.2_kf1.1_rep01,0.46848763020833334,2.0557930509429183,0.933631290862611,ok,0.021357800824338642,9.697395854768263,2.271857380884605,749,0.24556707399573863,0.28859065525381494,0.2204601045074755,0.3586666666666667,0.28933333333333333,0.9251988374878607,41.2616608811749,3.92,8.653333333333334,0.35359997386486447,0.8245185398102919
independent_extrapolation_dp1_N0750_Df2.2_kf1.1_rep02,750,independent_extrapolation_dp1_N0750_Df2.2_kf1.1_rep02,0.46972200520833335,2.07194067441524,0.9335221911507677,ok,0.05244790363640136,9.697395941106976,2.2718573897878933,749,0.18489169827862806,0.5049942979574695,0.17243642793953678,0.37466666666666665,0.292,0.9605516933281392,55.872505562972854,4.1146666666666665,8.965333333333334,0.33677422901493653,1.5015994270709
independent_extrapolation_dp1_N0750_Df2.2_kf1.1_rep03,750,independent_extrapolation_dp1_N0750_Df2.2_kf1.1_rep03,0.4611803385416667,2.078916707993834,0.9249175667567994,ok,0.018114373905360685,9.69739770395845,2.2718575715739444,749,0.21500570161833998,0.36295432174397635,0.20673049775544455,0.364,0.292,0.9380793617220714,56.13672986203827,4.04,8.736,0.336409380276924,0.19018404907975395
independent_extrapolation_dp1_N0750_Df2.2_kf1.1_rep04,750,independent_extrapolation_dp1_N0750_Df2.2_kf1.1_rep04,0.45842122395833335,2.0648884241835703,0.9237094937373609,ok,0.0478812451685093,9.697398625392646,2.2718576665926475,749,0.33463821216973455,0.20773611328668695,0.18336788678580743,0.36,0.2946666666666667,0.9237565816935879,49.59760035603026,4.034666666666666,8.781333333333333,0.3569339027400642,0.693173821252639
independent_extrapolation_dp1_N0750_Df2.2_kf1.1_rep05,750,independent_extrapolation_dp1_N0750_Df2.2_kf1.1_rep05,0.468962890625,2.0666632379027163,0.9334250945869511,ok,0.03383264261408115,9.697395671440718,2.271857361979783,749,0.1568807909809522,0.3757722777280627,0.30165071034793595,0.36,0.284,0.9338055948048763,55.47110992434357,4.061333333333334,8.754666666666667,0.33973914646344555,-1.6599925843529855
independent_extrapolation_dp1_N0750_Df2.6_kf0.8_rep01,750,independent_extrapolation_dp1_N0750_Df2.6_kf0.8_rep01,0.35676432291666665,2.2514138424295154,0.8577737911482016,ok,0.03262794888841794,6.940017573112009,1.9373043066642117,749,0.11474764377360869,0.550291539194631,0.28887484245661194,0.39866666666666667,0.304,0.9986622162784684,57.96540097908322,4.866666666666666,11.253333333333334,0.3211840333932466,0.9679487179487172
independent_extrapolation_dp1_N0750_Df2.6_kf0.8_rep02,750,independent_extrapolation_dp1_N0750_Df2.6_kf0.8_rep02,0.359220703125,2.2709225219460283,0.8587673631035451,ok,0.056409564615040056,6.9400157143127625,1.9373040388263458,749,0.11498678900890225,0.5275468158987242,0.2988488436101704,0.38266666666666665,0.2786666666666667,0.990619110567842,46.22737160658656,4.930666666666666,11.090666666666667,0.3418676838219185,0.610084033613445
independent_extrapolation_dp1_N0750_Df2.6_kf0.8_rep03,750,independent_extrapolation_dp1_N0750_Df2.6_kf0.8_rep03,0.3586764322916667,2.283134178970425,0.8589446344823847,ok,0.04559340532480574,6.940020376644605,1.93730471063034,749,0.09822245145881592,0.525040918729818,0.34501980101260254,0.396,0.29733333333333334,1.0106068583886723,40.577217623498,4.709333333333333,10.938666666666666,0.31298860990100513,0.8959581792681384
independent_extrapolation_dp1_N0750_Df2.6_kf0.8_rep04,750,independent_extrapolation_dp1_N0750_Df2.6_kf0.8_rep04,0.358060546875,2.279373270885299,0.8575358924656165,ok,0.033744501067092404,6.9400180213010945,1.9373043712446059,749,0.10305683021146217,0.45058126245253505,0.38025760416756865,0.36933333333333335,0.2693333333333333,0.9770668122270634,48.30861059190031,4.834666666666666,11.136,0.320974942710724,1.3469993338581716
independent_extrapolation_dp1_N0750_Df2.6_kf0.8_rep05,750,independent_extrapolation_dp1_N0750_Df2.6_kf0.8_rep05,0.3568430989583333,2.285168185482749,0.8607454512986887,ok,0.044105188781114,6.940017759270327,1.9373043334881086,749,0.08983372077192464,0.6296874668139089,0.3246683056951248,0.3973333333333333,0.296,0.9999964444381234,40.38319537160659,4.850666666666666,11.325333333333333,0.3212968943917377,2.10903624906053
independent_extrapolation_dp1_N1000_Df1.8_kf1.3_rep01,1000,independent_extrapolation_dp1_N1000_Df1.8_kf1.3_rep01,0.58446533203125,1.8078399919150314,0.9812930640368229,ok,0.026787955935087173,20.056439114975376,2.9985502550606373,999,0.3834007105677527,0.24334960953892396,0.1046625490817524,0.321,0.28,0.853226816268687,102.59386786786787,3.6,7.114,0.34371664271899816,-0.4720545277507302
independent_extrapolation_dp1_N1000_Df1.8_kf1.3_rep02,1000,independent_extrapolation_dp1_N1000_Df1.8_kf1.3_rep02,0.58133642578125,1.8192122809447675,0.9815797389468467,ok,0.04007437668543726,20.05644195750327,2.998550396787076,999,0.5168789162721377,0.14533673622858878,0.08644360370084858,0.319,0.278,0.8485257803979793,91.06672272272272,3.5,7.072,0.3524536348662784,-0.03236514522821565
independent_extrapolation_dp1_N1000_Df1.8_kf1.3_rep03,1000,independent_extrapolation_dp1_N1000_Df1.8_kf1.3_rep03,0.5771826171875,1.8301332831710004,0.9768383627739973,ok,0.023371231339753096,20.056438580030488,2.9985502283886594,999,0.6112336120058581,0.11297058997001544,0.058204656636046466,0.309,0.275,0.8258304910815536,76.79501101101101,3.4,7.01,0.370401839898999,-0.19016524111714084
independent_extrapolation_dp1_N1000_Df1.8_kf1.3_rep04,1000,independent_extrapolation_dp1_N1000_Df1.8_kf1.3_rep04,0.572900390625,1.8293608905622245,0.9815817350381163,ok,0.02726293092816745,20.05643975554301,2.99855028699889,999,0.350700604745555,0.29819116899650855,0.09294902416193178,0.328,0.284,0.8613918968738908,81.87678278278278,3.536,7.35,0.359335671817442,0.5789999999999997
independent_extrapolation_dp1_N1000_Df1.8_kf1.3_rep05,1000,independent_extrapolation_dp1_N1000_Df1.8_kf1.3_rep05,0.5857724609375,1.803553657910698,0.9803717400095058,ok,0.0236614708228658,20.05644114772235,2.9985503564119718,999,0.36548829802143745,0.26062286878548113,0.10712572381458538,0.317,0.269,0.8555676478221929,95.16811811811812,3.51,7.07,0.33180604088100485,-0.8313829787234042
independent_extrapolation_dp1_N1000_Df2.2_kf1.1_rep01,1000,independent_extrapolation_dp1_N1000_Df2.2_kf1.1_rep01,0.447716796875,2.0879664617952813,0.9380180085633805,ok,0.057900432594929635,11.054145363398794,2.402805503623032,999,0.2449052279776256,0.3445072511017547,0.1773327271644828,0.36,0.284,0.9348775320864224,58.85175775775776,4.096,8.87,0.3422737001706326,0.8614933453643143
independent_extrapolation_dp1_N1000_Df2.2_kf1.1_rep02,1000,independent_extrapolation_dp1_N1000_Df2.2_kf1.1_rep02,0.4509794921875,2.07324594462667,0.941174235315577,ok,0.03279723702840671,11.054144470218766,2.4028054228225693,999,0.17905892093615927,0.33807905209797706,0.28825294581428407,0.353,0.284,0.9241190399510227,56.01927527527528,4.062,8.782,0.34546662885988993,1.0675424817935166
independent_extrapolation_dp1_N1000_Df2.2_kf1.1_rep03,1000,independent_extrapolation_dp1_N1000_Df2.2_kf1.1_rep03,0.44774755859375,2.0586871663772195,0.9379474228113691,ok,0.044112005392867956,11.054144098349504,2.402805389181859,999,0.2768916486836095,0.2545717127248286,0.20814848705811226,0.368,0.285,0.9570767994262529,63.103503503503504,4.104,8.866,0.3504869814286239,1.424389769522513
independent_extrapolation_dp1_N1000_Df2.2_kf1.1_rep04,1000,independent_extrapolation_dp1_N1000_Df2.2_kf1.1_rep04,0.45149609375,2.0711491721839397,0.9443669896347572,ok,0.03218090241922353,11.054144783283038,2.402805451143555,999,0.16489484050808212,0.4057927841967691,0.2623778471012646,0.364,0.295,0.9295138514298751,55.039691691691694,4.212,9.122,0.34059925574074845,0.5946289955361141
independent_extrapolation_dp1_N1000_Df2.2_kf1.1_rep05,1000,independent_extrapolation_dp1_N1000_Df2.2_kf1.1_rep05,0.44787646484375,2.08853492279542,0.9384239370230729,ok,0.02595405624957879,11.054139900583975,2.4028050094359203,999,0.23493852459532993,0.26987072182952054,0.25356591050525207,0.364,0.297,0.93058906075668,67.91782382382382,4.052,8.808,0.33944582103096954,1.5429397789484547
independent_extrapolation_dp1_N1000_Df2.6_kf0.8_rep01,1000,independent_extrapolation_dp1_N1000_Df2.6_kf0.8_rep01,0.34144970703125,2.2812965097052005,0.8717554293759456,ok,0.05695905481879893,7.754398844241041,2.0482602751506813,999,0.07852592971286787,0.46308306009872885,0.459451586052728,0.388,0.288,0.995989959788752,57.5093993993994,4.806,11.114,0.3193726445456961,2.1238920225624494
independent_extrapolation_dp1_N1000_Df2.6_kf0.8_rep02,1000,independent_extrapolation_dp1_N1000_Df2.6_kf0.8_rep02,0.34043212890625,2.3084581246310862,0.8703470850960056,ok,0.05241606063992381,7.754403354525501,2.0482608567925644,999,0.07679528260105684,0.5410205823757916,0.4057490298094764,0.393,0.287,1.0119268748284136,52.94266466466466,4.79,10.816,0.3172203970208322,0.22543701024713592
independent_extrapolation_dp1_N1000_Df2.6_kf0.8_rep03,1000,independent_extrapolation_dp1_N1000_Df2.6_kf0.8_rep03,0.3378447265625,2.2958283336766487,0.86515695578986,ok,0.03254420180737367,7.75440030582689,2.0482604636354034,999,0.10704135517216928,0.43703723438015335,0.3789501310128025,0.375,0.275,0.9879250983753778,68.51316516516516,4.86,11.036,0.3083317756910383,1.346889952153111
independent_extrapolation_dp1_N1000_Df2.6_kf0.8_rep04,1000,independent_extrapolation_dp1_N1000_Df2.6_kf0.8_rep04,0.33952490234375,2.278556088160506,0.8705250944026739,ok,0.04014518134501115,7.754400396426859,2.048260475319088,999,0.09720713345018095,0.570221620827308,0.3258378990043349,0.392,0.295,0.9969934804200075,44.07108908908909,4.93,11.17,0.31518957478402665,2.075569358178054
independent_extrapolation_dp1_N1000_Df2.6_kf0.8_rep05,1000,independent_extrapolation_dp1_N1000_Df2.6_kf0.8_rep05,0.33576611328125,2.3060923266379816,0.8622859189466366,ok,0.03054002784797153,7.754399998426955,2.0482604239934026,999,0.10047534482159848,0.5359864937290091,0.33278249513520786,0.398,0.3,0.998997497494363,54.151963963963965,4.75,11.168,0.3144397254635325,1.0068763760291954
independent_extrapolation_dp1.5_N0750_Df1.8_kf1.3_rep01,750,independent_extrapolation_dp1.5_N0750_Df1.8_kf1.3_rep01,0.5869518229166667,1.7925730803423512,0.9752579803111593,ok,0.025159511874314033,17.092784002034996,2.8386563862614556,749,0.4743600186950655,0.23360646511326838,0.041598634425144894,0.32266666666666666,0.2733333333333333,0.8594530560510886,71.83433199821985,3.7093333333333334,7.368,0.33305617420140265,1.2366683703893013
independent_extrapolation_dp1.5_N0750_Df1.8_kf1.3_rep02,750,independent_extrapolation_dp1.5_N0750_Df1.8_kf1.3_rep02,0.5980455729166667,1.7839043720669008,0.9797441104063771,ok,0.03839536956853654,17.09278830207545,2.838656637831938,749,0.2892557733489973,0.3045792330929992,0.15162327700015418,0.2986666666666667,0.26,0.8197517239316359,63.88276279483756,3.474666666666667,6.957333333333334,0.3662851693287533,1.1286920995969751
independent_extrapolation_dp1.5_N0750_Df1.8_kf1.3_rep03,750,independent_extrapolation_dp1.5_N0750_Df1.8_kf1.3_rep03,0.5905944010416667,1.832745757446616,0.9781416401390386,ok,0.042912307200761314,17.09278602265011,2.8386565044759604,749,0.35963596409166254,0.28759833574350413,0.09229933587671643,0.31866666666666665,0.27466666666666667,0.8485239471511036,69.60760124610592,3.4186666666666667,6.922666666666666,0.3357412133482353,0.567293185818456
independent_extrapolation_dp1.5_N0750_Df1.8_kf1.3_rep04,750,independent_extrapolation_dp1.5_N0750_Df1.8_kf1.3_rep04,0.596578125,1.8447512417983976,0.9768598311353326,ok,0.031510243212089825,17.092792803079178,2.8386569011595504,749,0.5010330413149826,0.17919064160157072,0.06713165836841058,0.2986666666666667,0.26666666666666666,0.8082859779943126,60.838782376502,3.3706666666666667,6.621333333333333,0.3423778125600101,0.43783968613900637
independent_extrapolation_dp1.5_N0750_Df1.8_kf1.3_rep05,750,independent_extrapolation_dp1.5_N0750_Df1.8_kf1.3_rep05,0.583310546875,1.8366372195497194,0.9676381768611214,ok,0.05118884635034417,17.092782349364388,2.8386562895732457,749,0.6883721659342998,0.08489805755636497,0.04370255843350959,0.29733333333333334,0.26266666666666666,0.8099338793314482,66.75422518914108,3.482666666666667,6.8853333333333335,0.3372542391614556,0.715096456303205
independent_extrapolation_dp1.5_N0750_Df2.2_kf1.1_rep01,750,independent_extrapolation_dp1.5_N0750_Df2.2_kf1.1_rep01,0.4669583333333333,2.0820698907720403,0.9259258809287348,ok,0.04504413785401793,9.697396314118766,2.2718574282530426,749,0.23749454443547457,0.4736328037498548,0.11253741854356875,0.376,0.29333333333333333,0.9563783537677729,57.80872274143302,4.0,8.84,0.3674828499739997,-0.1280576852866009
independent_extrapolation_dp1.5_N0750_Df2.2_kf1.1_rep02,750,independent_extrapolation_dp1.5_N0750_Df2.2_kf1.1_rep02,0.45918424479166664,2.10740109181717,0.9246878292824094,ok,0.030317116992331826,9.697392890734054,2.271857075231963,749,0.24024354270326953,0.3185145620246593,0.20319601043435734,0.37066666666666664,0.296,0.9521867230515009,52.104067645749886,3.978666666666667,8.653333333333334,0.3532977028100487,1.0889354878500068
independent_extrapolation_dp1.5_N0750_Df2.2_kf1.1_rep03,750,independent_extrapolation_dp1.5_N0750_Df2.2_kf1.1_rep03,0.46662825520833334,2.0786795486267793,0.9328992223313415,ok,0.018392607974391254,9.697396989684556,2.2718574979176975,749,0.1606137817958615,0.36247051547108294,0.3048493987189728,0.36666666666666664,0.2906666666666667,0.9437476122118431,66.62547752558967,4.1226666666666665,8.922666666666666,0.34916114748980237,-0.062144751799923625
independent_extrapolation_dp1.5_N0750_Df2.2_kf1.1_rep04,750,independent_extrapolation_dp1.5_N0750_Df2.2_kf1.1_rep04,0.4630065104166667,2.1000108714020103,0.9256338484220324,ok,0.03492000221504639,9.69739656839906,2.271857454474544,749,0.2840852032685508,0.319433287231779,0.14665154617245452,0.364,0.29733333333333334,0.9295121779131723,46.75776769025367,3.9306666666666668,8.410666666666666,0.3471432938515034,0.6033720739891955
independent_extrapolation_dp1.5_N0750_Df2.2_kf1.1_rep05,750,independent_extrapolation_dp1.5_N0750_Df2.2_kf1.1_rep05,0.467076171875,2.076181442209674,0.9292264779317729,ok,0.05029823521089996,9.697394688564502,2.27185726062512,749,0.2077701393494339,0.46715399055471324,0.15553094768351358,0.36666666666666664,0.2866666666666667,0.9507854063293615,57.30863907432132,4.165333333333334,8.965333333333334,0.34083803238309535,-0.06871738533370042
independent_extrapolation_dp1.5_N0750_Df2.6_kf0.8_rep01,750,independent_extrapolation_dp1.5_N0750_Df2.6_kf0.8_rep01,0.3594934895833333,2.282793922993996,0.8585879723761491,ok,0.03644509556089828,6.940022408596619,1.9373050034179122,749,0.09410450066795528,0.5273743801886741,0.35595050109539794,0.3893333333333333,0.29333333333333333,0.9933073822113453,49.68806764574989,4.9013333333333335,11.106666666666667,0.33049418095738503,1.8171583850931672
independent_extrapolation_dp1.5_N0750_Df2.6_kf0.8_rep02,750,independent_extrapolation_dp1.5_N0750_Df2.6_kf0.8_rep02,0.36109049479166666,2.2591402788336206,0.8634577720609211,ok,0.034041860903943504,6.94000991366688,1.9373032029999522,749,0.10912832215536417,0.5693438435774427,0.29469082199406665,0.36666666666666664,0.288,0.9507854063293615,50.85199465954606,4.810666666666667,11.2,0.3301720845895014,1.6658496266317044
independent_extrapolation_dp1.5_N0750_Df2.6_kf0.8_rep03,750,independent_extrapolation_dp1.5_N0750_Df2.6_kf0.8_rep03,0.3563157552083333,2.2579111470932003,0.858918369296837,ok,0.03588106342436775,6.940016994635592,1.9373042233104687,749,0.09316750078900526,0.5576611718198774,0.3431038006771881,0.3893333333333333,0.29333333333333333,0.995988397969017,46.353801513128616,4.904,11.261333333333333,0.3306516710434245,2.4817461203527973
independent_extrapolation_dp1.5_N0750_Df2.6_kf0.8_rep04,750,independent_extrapolation_dp1.5_N0750_Df2.6_kf0.8_rep04,0.3547018229166667,2.2483044952288336,0.8507628110658747,ok,0.032600621542294234,6.940013761457833,1.9373037574357432,749,0.14767938348037113,0.48821506960969296,0.24627048791923878,0.396,0.292,1.0079647260142037,40.2205678682688,4.784,11.192,0.3294135652414312,1.6810535259133381
independent_extrapolation_dp1.5_N0750_Df2.6_kf0.8_rep05,750,independent_extrapolation_dp1.5_N0750_Df2.6_kf0.8_rep05,0.35616796875,2.266124815765113,0.8550185247605143,ok,0.01727553323018808,6.940017804421081,1.9373043399939642,749,0.1238387558352082,0.5436899873471593,0.2704464526888921,0.3546666666666667,0.2693333333333333,0.9493820212233968,45.24831330663106,4.914666666666666,11.101333333333333,0.32090308275400403,2.1241642788920725
independent_extrapolation_dp1.5_N1000_Df1.8_kf1.3_rep01,1000,independent_extrapolation_dp1.5_N1000_Df1.8_kf1.3_rep01,0.57982080078125,1.822274216803371,0.9752820412268189,ok,0.057360885364742174,20.056442197369005,2.9985504087466115,999,0.5845000168798149,0.15624533432283408,0.03479019148283609,0.306,0.269,0.8270405068677107,91.22338338338338,3.434,6.87,0.35004478669846584,0.7260700284263137
independent_extrapolation_dp1.5_N1000_Df1.8_kf1.3_rep02,1000,independent_extrapolation_dp1.5_N1000_Df1.8_kf1.3_rep02,0.582142578125,1.8099334038191603,0.9794740159194388,ok,0.016080120434256082,20.056448775060144,2.9985507367055786,999,0.5304133449743154,0.13210177263575773,0.08971994498810876,0.304,0.276,0.8111695260548192,80.04352552552552,3.438,6.912,0.3452349574112659,0.038461538461538325
independent_extrapolation_dp1.5_N1000_Df1.8_kf1.3_rep03,1000,independent_extrapolation_dp1.5_N1000_Df1.8_kf1.3_rep03,0.57391357421875,1.8488097514526087,0.9748083312597167,ok,0.0447501815643774,20.056447699678394,2.9985506830878226,999,0.5873998714667483,0.15561805943005683,0.033670392426939415,0.311,0.261,0.8520539888997645,88.413009009009,3.452,7.074,0.35177809582339814,0.09702688267758575
independent_extrapolation_dp1.5_N1000_Df1.8_kf1.3_rep04,1000,independent_extrapolation_dp1.5_N1000_Df1.8_kf1.3_rep04,0.5794150390625,1.8071934556678058,0.9811113203239159,ok,0.021088227926301176,20.05643555413068,2.9985500775194,999,0.4109300199741397,0.27303324060064404,0.05934124431164208,0.298,0.263,0.8160857798050398,86.27264264264264,3.556,7.166,0.36417565438714083,0.3598933583205053
independent_extrapolation_dp1.5_N1000_Df1.8_kf1.3_rep05,1000,independent_extrapolation_dp1.5_N1000_Df1.8_kf1.3_rep05,0.5887138671875,1.8147540835735265,0.9820822025902182,ok,0.029892533084519154,20.056442830343777,2.998550440306285,999,0.3440031156685137,0.30591222984429334,0.0938023940998829,0.294,0.261,0.8062232941313466,86.27303303303303,3.5,7.052,0.3578766905123728,-1.01937321937322
independent_extrapolation_dp1.5_N1000_Df2.2_kf1.1_rep01,1000,independent_extrapolation_dp1.5_N1000_Df2.2_kf1.1_rep01,0.4545322265625,2.0960552822232845,0.9360068530259726,ok,0.038160573406255865,11.0541434574187,2.4028053312008146,999,0.17065423553853387,0.5319597733344653,0.18428716820256882,0.358,0.297,0.9165129568096677,65.85123323323323,3.912,8.598,0.3511288435235907,-1.6496788310863266
independent_extrapolation_dp1.5_N1000_Df2.2_kf1.1_rep02,1000,independent_extrapolation_dp1.5_N1000_Df2.2_kf1.1_rep02,0.4538681640625,2.0866875646015446,0.9359099715404765,ok,0.01371743346008617,11.054146289279714,2.4028055873817356,999,0.23127081705735553,0.37803912594319056,0.17301675263749644,0.358,0.293,0.9230362939776527,69.43191391391392,3.968,8.56,0.33138057292507284,0.3749577845322527
independent_extrapolation_dp1.5_N1000_Df2.2_kf1.1_rep03,1000,independent_extrapolation_dp1.5_N1000_Df2.2_kf1.1_rep03,0.4500068359375,2.0910224734095144,0.9364439352368134,ok,0.024537381946892325,11.054144762832049,2.4028054492934805,999,0.18205057586625928,0.34132998961994876,0.27959579518699673,0.362,0.298,0.9252005188065989,61.91664664664665,4.138,8.824,0.3330554646260522,0.1923311016433349
independent_extrapolation_dp1.5_N1000_Df2.2_kf1.1_rep04,1000,independent_extrapolation_dp1.5_N1000_Df2.2_kf1.1_rep04,0.4403447265625,2.0750801131060683,0.9287963857308567,ok,0.029032378458762654,11.054132549813827,2.4028043444567673,999,0.38230077315647626,0.22184300739437401,0.12339094667079889,0.353,0.287,0.9154212145236748,67.2395095095095,4.056,8.88,0.3383554593165029,0.9099713845476565
independent_extrapolation_dp1.5_N1000_Df2.2_kf1.1_rep05,1000,independent_extrapolation_dp1.5_N1000_Df2.2_kf1.1_rep05,0.44253564453125,2.1030877058785866,0.9240844335138428,ok,0.027314413309089992,11.054148098828886,2.4028057510804035,999,0.3720847686738281,0.24803419448419936,0.1110221362056233,0.364,0.293,0.935946579672152,56.801321321321325,4.05,8.888,0.34232749517225314,0.7130604288499018
independent_extrapolation_dp1.5_N1000_Df2.6_kf0.8_rep01,1000,independent_extrapolation_dp1.5_N1000_Df2.6_kf0.8_rep01,0.33690869140625,2.3102652321508352,0.8604867765941169,ok,0.02799884294115255,7.754405486633654,2.048261131747034,999,0.11519211242075433,0.5644521509897238,0.2818374813298868,0.377,0.287,0.9736508614488049,65.80254254254254,4.86,11.014,0.3151700345032015,0.8426781495768658
independent_extrapolation_dp1.5_N1000_Df2.6_kf0.8_rep02,1000,independent_extrapolation_dp1.5_N1000_Df2.6_kf0.8_rep02,0.33674658203125,2.297623947858669,0.8673471468478482,ok,0.029357315252106265,7.7543969521784035,2.048260031152029,999,0.11550251528204236,0.5834815036750964,0.2737679612935321,0.391,0.291,0.999997999998,56.98743143143143,4.894,11.224,0.3117022437358285,1.6948021637057593
independent_extrapolation_dp1.5_N1000_Df2.6_kf0.8_rep03,1000,independent_extrapolation_dp1.5_N1000_Df2.6_kf0.8_rep03,0.33891259765625,2.2571618118679075,0.8672094181591722,ok,0.018418951797282805,7.754398698745426,2.048260256387703,999,0.13276512313521338,0.3916390358443679,0.3452092626134823,0.39,0.287,1.0079662692769038,41.254944944944945,4.84,11.224,0.3127699968147835,2.5318681318681335
independent_extrapolation_dp1.5_N1000_Df2.6_kf0.8_rep04,1000,independent_extrapolation_dp1.5_N1000_Df2.6_kf0.8_rep04,0.33609619140625,2.304914753526303,0.8684576476480639,ok,0.025839866128584812,7.754398037019181,2.048260171052102,999,0.1145746848624225,0.48685013644433384,0.3221668917902279,0.381,0.278,0.9959899597887519,61.47336136136136,4.9,11.146,0.3270804807672996,1.5045270541701434
independent_extrapolation_dp1.5_N1000_Df2.6_kf0.8_rep05,1000,independent_extrapolation_dp1.5_N1000_Df2.6_kf0.8_rep05,0.338548828125,2.2663144724732636,0.8699537262481377,ok,0.030011457487235722,7.754398069293602,2.0482601752141814,999,0.10573006013855069,0.49654228641446974,0.3401427432584017,0.392,0.279,1.0158720391860383,45.044698698698696,4.994,11.43,0.3210634085913002,1.8177871416714542
independent_extrapolation_dp2_N0750_Df1.8_kf1.3_rep01,750,independent_extrapolation_dp2_N0750_Df1.8_kf1.3_rep01,0.5938229166666666,1.823475672059904,0.9783989204666441,ok,0.0364777410515801,17.092798650893258,2.838657243281119,749,0.3706969813234431,0.27317534955362327,0.09291012950376513,0.2946666666666667,0.24933333333333332,0.8229983124054522,82.39917044948821,3.496,7.08,0.33942218887851816,0.3364499906872789
independent_extrapolation_dp2_N0750_Df1.8_kf1.3_rep02,750,independent_extrapolation_dp2_N0750_Df1.8_kf1.3_rep02,0.59170703125,1.8292270659491061,0.9752839138325198,ok,0.031220673842341198,17.09278447052417,2.838656413670049,749,0.48718544311909373,0.21135856731236508,0.050051922104358916,0.308,0.276,0.8197517239316359,65.88785402759234,3.376,6.733333333333333,0.3320302602418977,-0.40929316043732467
independent_extrapolation_dp2_N0750_Df1.8_kf1.3_rep03,750,independent_extrapolation_dp2_N0750_Df1.8_kf1.3_rep03,0.5931145833333333,1.8158910331771903,0.9775176500342001,ok,0.04267786266954916,17.09279539669493,2.838657052896928,749,0.3640374821472623,0.336688040065751,0.05549640444337976,0.30533333333333335,0.2786666666666667,0.8099338793314482,67.7968028482421,3.4026666666666667,6.925333333333334,0.3428363496956059,0.7943355119825712
independent_extrapolation_dp2_N0750_Df1.8_kf1.3_rep04,750,independent_extrapolation_dp2_N0750_Df1.8_kf1.3_rep04,0.5839348958333334,1.7879725646043212,0.9777528848193647,ok,0.02029124824310256,17.092781279673286,2.838656226991794,749,0.38311163119173597,0.25906778616827036,0.09264088169626004,0.32,0.27466666666666667,0.8532249931224992,69.90183177570094,3.6,7.272,0.3321846497931212,1.1770833333333321
independent_extrapolation_dp2_N0750_Df1.8_kf1.3_rep05,750,independent_extrapolation_dp2_N0750_Df1.8_kf1.3_rep05,0.590095703125,1.8239813679300394,0.9782294482745065,ok,0.037503551633579275,17.092796805086586,2.838657135293725,749,0.39085481116125576,0.21848271714512518,0.11861948807137278,0.3293333333333333,0.27466666666666667,0.8733038162950828,72.86162527814864,3.477333333333333,6.970666666666666,0.3250886521358127,0.5384777123633304
independent_extrapolation_dp2_N0750_Df2.2_kf1.1_rep01,750,independent_extrapolation_dp2_N0750_Df2.2_kf1.1_rep01,0.45627083333333335,2.074249872764828,0.9266933026162244,ok,0.03240544146087348,9.697400177444537,2.2718578266409066,749,0.34747806427121,0.22739612030499573,0.1518376603928815,0.34933333333333333,0.2853333333333333,0.9092082025342466,45.5991419670672,4.088,8.853333333333333,0.35030521913393603,1.2125752508361192
independent_extrapolation_dp2_N0750_Df2.2_kf1.1_rep02,750,independent_extrapolation_dp2_N0750_Df2.2_kf1.1_rep02,0.45892057291666666,2.113136387129664,0.9199622304517054,ok,0.049391105089803926,9.697400838356264,2.2718578947944006,749,0.3025946993992997,0.3478327906322891,0.10696645760048541,0.3626666666666667,0.296,0.9280766251890101,48.01149621717846,4.0,8.821333333333333,0.3521649945431946,1.3557565789473678
independent_extrapolation_dp2_N0750_Df2.2_kf1.1_rep03,750,independent_extrapolation_dp2_N0750_Df2.2_kf1.1_rep03,0.460982421875,2.0814226310996546,0.9216406275210476,ok,0.04361753927312645,9.69740313347855,2.2718581314683353,749,0.2852954978175929,0.37000187507853793,0.11169895479043385,0.36533333333333334,0.292,0.9380793617220714,51.33884468179795,4.058666666666666,8.877333333333333,0.3477283201202795,0.498609281217977
independent_extrapolation_dp2_N0750_Df2.2_kf1.1_rep04,750,independent_extrapolation_dp2_N0750_Df2.2_kf1.1_rep04,0.46537890625,2.0778713781576443,0.931079715764981,ok,0.027288170041868034,9.69738742010013,2.2718565110973006,749,0.19207051830983013,0.32560363734429165,0.27458763362413857,0.352,0.2786666666666667,0.9251988374878607,52.412283044058746,4.018666666666666,8.634666666666666,0.35020256560593904,-0.7787733970529658
independent_extrapolation_dp2_N0750_Df2.2_kf1.1_rep05,750,independent_extrapolation_dp2_N0750_Df2.2_kf1.1_rep05,0.457037109375,2.0901143165055545,0.924109979690764,ok,0.03377399323215647,9.697395605076839,2.271857355136308,749,0.31561390966302205,0.2937651242731455,0.13075578449931394,0.356,0.2866666666666667,0.9251988374878607,46.96430084557188,4.058666666666666,8.738666666666667,0.34214990011952295,1.4087207380473004
independent_extrapolation_dp2_N0750_Df2.6_kf0.8_rep01,750,independent_extrapolation_dp2_N0750_Df2.6_kf0.8_rep01,0.35711328125,2.278103546061191,0.8584985336043929,ok,0.054122011256284526,6.9400195584863065,1.9373045927404344,749,0.10917266689068494,0.5477684476689748,0.30386466283883445,0.37466666666666665,0.2813333333333333,0.9757012293160694,48.50259368046284,4.922666666666666,11.322666666666667,0.33613506453141384,0.5570868347338926
independent_extrapolation_dp2_N0750_Df2.6_kf0.8_rep02,750,independent_extrapolation_dp2_N0750_Df2.6_kf0.8_rep02,0.35939518229166667,2.2758466710888836,0.8614420931375141,ok,0.03893000559768472,6.940027462016309,1.9373057315737527,749,0.09110055115918592,0.6073255882088078,0.3285249301041045,0.39066666666666666,0.2906666666666667,1.003988490416543,47.668072986203825,5.032,11.245333333333333,0.31500080279261955,0.9622413244189758
independent_extrapolation_dp2_N0750_Df2.6_kf0.8_rep03,750,independent_extrapolation_dp2_N0750_Df2.6_kf0.8_rep03,0.35929947916666666,2.2725148723452264,0.8607655881019328,ok,0.06374828058489417,6.9400226745023454,1.937305041732734,749,0.09948151193080013,0.4722909336587306,0.3748207744041291,0.384,0.2906666666666667,0.9838662962460341,49.10085269247886,4.856,11.229333333333333,0.3295111041157409,2.847737120847375
independent_extrapolation_dp2_N0750_Df2.6_kf0.8_rep04,750,independent_extrapolation_dp2_N0750_Df2.6_kf0.8_rep04,0.3578522135416667,2.277632121232765,0.857593445638518,ok,0.04435081070734932,6.940039363195651,1.9373074464328368,749,0.08096083587987823,0.5009399886326625,0.4171882443017867,0.38266666666666665,0.288,0.9825101639282019,48.217705384957725,4.858666666666666,11.050666666666666,0.33178430963801153,-0.15662878787878753
independent_extrapolation_dp2_N0750_Df2.6_kf0.8_rep05,750,independent_extrapolation_dp2_N0750_Df2.6_kf0.8_rep05,0.35895963541666664,2.2902389206295086,0.8608779783054032,ok,0.07177443757335022,6.940017666083426,1.9373043200606355,749,0.1023361201436831,0.44158508082162296,0.3899872056811074,0.38666666666666666,0.2773333333333333,1.0119253376059365,50.2405126835781,4.725333333333333,11.048,0.3267926956952787,1.1147192206483396
independent_extrapolation_dp2_N1000_Df1.8_kf1.3_rep01,1000,independent_extrapolation_dp2_N1000_Df1.8_kf1.3_rep01,0.57933544921875,1.8243649026216835,0.98155487219684,ok,0.027172391217834775,20.05645113950918,2.998550854595287,999,0.40738119958051566,0.24381162181259436,0.08398199680561988,0.304,0.265,0.8258304910815535,100.07622422422422,3.572,7.262,0.3531583099196874,-0.19339546842359034
independent_extrapolation_dp2_N1000_Df1.8_kf1.3_rep02,1000,independent_extrapolation_dp2_N1000_Df1.8_kf1.3_rep02,0.57930517578125,1.813776579841451,0.9823893681416718,ok,0.017353456188903556,20.0564415495472,2.998550376446675,999,0.2902478457665104,0.45644345991255875,0.06029613771575764,0.305,0.267,0.8282487549039841,87.6572892892893,3.556,7.226,0.35539142133277934,0.502909754190914
independent_extrapolation_dp2_N1000_Df1.8_kf1.3_rep03,1000,independent_extrapolation_dp2_N1000_Df1.8_kf1.3_rep03,0.59068212890625,1.8201962271793317,0.9799559749745606,ok,0.021148199853661814,20.056443824387124,2.9985504898685793,999,0.40213760764061923,0.28003478525432457,0.06137097419562465,0.304,0.269,0.8209725939396515,80.19384984984985,3.418,6.818,0.33615654975112813,0.701643489254109
independent_extrapolation_dp2_N1000_Df1.8_kf1.3_rep04,1000,independent_extrapolation_dp2_N1000_Df1.8_kf1.3_rep04,0.59125927734375,1.7874702739195198,0.9815217435037364,ok,0.019071284161448408,20.05644389220431,2.998550493249896,999,0.44470093405977174,0.2312055350565405,0.06468209483080747,0.305,0.266,0.8270405068677107,95.3687907907908,3.508,7.01,0.3522671380708662,-0.15622587617724193
independent_extrapolation_dp2_N1000_Df1.8_kf1.3_rep05,1000,independent_extrapolation_dp2_N1000_Df1.8_kf1.3_rep05,0.584630859375,1.8020777292036143,0.983273987563833,ok,0.014988474380280345,20.05644061287888,2.9985503297450533,999,0.4240427316058911,0.17998072254539935,0.12421739825492184,0.318,0.274,0.8520539888997645,82.2491951951952,3.464,7.194,0.3568488221787516,0.5204362987592255
independent_extrapolation_dp2_N1000_Df2.2_kf1.1_rep01,1000,independent_extrapolation_dp2_N1000_Df2.2_kf1.1_rep01,0.447640625,2.0945338844563266,0.937567577742804,ok,0.030419870575111935,11.054152371877251,2.4028061376364276,999,0.2264856163344311,0.4043879428376266,0.16321647050130314,0.358,0.27,0.9497346997977909,54.6441021021021,4.192,9.028,0.35239099042301303,1.5221934320959836
independent_extrapolation_dp2_N1000_Df2.2_kf1.1_rep02,1000,independent_extrapolation_dp2_N1000_Df2.2_kf1.1_rep02,0.44593310546875,2.0864034370191225,0.9380665693632849,ok,0.029013838906749568,11.054148170775713,2.402805757588985,999,0.25273358314315775,0.27685080979961885,0.22064221325466724,0.348,0.274,0.9230362939776527,49.22008208208208,4.064,8.896,0.34205156596982994,1.1304136253041364
independent_extrapolation_dp2_N1000_Df2.2_kf1.1_rep03,1000,independent_extrapolation_dp2_N1000_Df2.2_kf1.1_rep03,0.449873046875,2.0895385257665544,0.9377625729472255,ok,0.04682117797000944,11.054139196593512,2.4028049457502343,999,0.20585879943722907,0.45757990278546196,0.1630779729511041,0.372,0.295,0.9497346997977909,57.75566566566567,4.142,8.926,0.3554888817458544,0.24425162689804658
independent_extrapolation_dp2_N1000_Df2.2_kf1.1_rep04,1000,independent_extrapolation_dp2_N1000_Df2.2_kf1.1_rep04,0.44022607421875,2.104429059439695,0.9339617274655261,ok,0.029723632806931688,11.054140069047222,2.4028050246757533,999,0.28501960254873804,0.29496705962225,0.16392855457287564,0.358,0.277,0.9412736052816949,63.69238438438438,4.102,8.918,0.3364595145013502,1.1011982570806111
independent_extrapolation_dp2_N1000_Df2.2_kf1.1_rep05,1000,independent_extrapolation_dp2_N1000_Df2.2_kf1.1_rep05,0.449548828125,2.1010578545962977,0.9378204617258212,ok,0.024464790848169736,11.054142141253163,2.4028052121354504,999,0.16409613234153964,0.48632759853790064,0.21616047777237324,0.386,0.309,0.9664346848080319,68.48042042042042,4.054,8.698,0.3462225996576092,-0.480084809934878
independent_extrapolation_dp2_N1000_Df2.6_kf0.8_rep01,1000,independent_extrapolation_dp2_N1000_Df2.6_kf0.8_rep01,0.33879150390625,2.302053006017892,0.8658939986402241,ok,0.04992855590121959,7.754397225347757,2.0482600663797004,999,0.09908464019170504,0.48835829763769034,0.3647870510281657,0.387,0.288,0.9939798790720061,63.24615015015015,4.9,11.142,0.3189848706937322,0.10321134095183027
independent_extrapolation_dp2_N1000_Df2.6_kf0.8_rep02,1000,independent_extrapolation_dp2_N1000_Df2.6_kf0.8_rep02,0.3400078125,2.2805666439341317,0.8690163071986022,ok,0.05303151335675845,7.754416547666456,2.0482625581652076,999,0.09600670848325499,0.5532142853608996,0.33695509014251673,0.385,0.291,0.9879250983753778,65.06374974974975,4.854,10.99,0.30051965492648364,0.6018757984607248
independent_extrapolation_dp2_N1000_Df2.6_kf0.8_rep03,1000,independent_extrapolation_dp2_N1000_Df2.6_kf0.8_rep03,0.33466015625,2.284748202875973,0.8602352612933433,ok,0.027714592682729196,7.754392774225177,2.0482594923668236,999,0.1116384634490083,0.5590095198448343,0.29273188214336493,0.393,0.28,1.0198019415553197,46.74036436436437,4.958,11.388,0.32541866698424105,0.9267752298659584
independent_extrapolation_dp2_N1000_Df2.6_kf0.8_rep04,1000,independent_extrapolation_dp2_N1000_Df2.6_kf0.8_rep04,0.33765234375,2.2710953735446355,0.8668718620205803,ok,0.03522115760337111,7.7543986534862785,2.0482602505511256,999,0.12183200278494843,0.5074164943825382,0.29249475756935867,0.38,0.291,0.9808139476985428,40.593913913913916,4.892,11.308,0.317954780531351,1.76967551622419
independent_extrapolation_dp2_N1000_Df2.6_kf0.8_rep05,1000,independent_extrapolation_dp2_N1000_Df2.6_kf0.8_rep05,0.340263671875,2.295790757469542,0.8712667694780198,ok,0.04808089998088385,7.754382573029906,2.048258176828357,999,0.09425471655015372,0.5897397238146266,0.32611836342665446,0.372,0.289,0.96332549016415,50.671517517517515,4.838,11.034,0.3266522877532767,1.040417499444814
